Item ID / SKU,Item Name,Qty Change,Stock On Hand,Transaction Type,Delivery Mode,Audit Time
11747,Chinese Leek Sections,0.7,0.7,,,2025/4/30 23:48
11747,Chinese Leek Sections,3,3.7,Stock Receipt,Distribution Transfer,2025/5/1 21:48
11747,Chinese Leek Sections,-0.89,2.81,Consumption Log,,2025/5/1 23:03
11747,Chinese Leek Sections,-1.81,1,Stocktake Loss,,2025/5/2 19:58
11747,Chinese Leek Sections,3,4,Stock Receipt,Distribution Transfer,2025/5/2 21:30
11747,Chinese Leek Sections,-1.77,2.23,Consumption Log,,2025/5/2 22:41
11747,Chinese Leek Sections,-0.73,1.5,Stocktake Loss,,2025/5/3 0:43
11747,Chinese Leek Sections,3,4.5,Stock Receipt,Distribution Transfer,2025/5/3 21:34
11747,Chinese Leek Sections,-1.71,2.79,Consumption Log,,2025/5/3 22:38
11747,Chinese Leek Sections,-0.79,2,Stocktake Loss,,2025/5/4 22:00
11747,Chinese Leek Sections,3,5,Stock Receipt,Distribution Transfer,2025/5/4 22:03
11747,Chinese Leek Sections,-2.53,2.47,Consumption Log,,2025/5/4 22:39
11747,Chinese Leek Sections,2,4.47,Stock Receipt,Distribution Transfer,2025/5/5 22:32
11747,Chinese Leek Sections,-2.44,2.03,Consumption Log,,2025/5/5 22:41
11747,Chinese Leek Sections,-1.03,1,Stocktake Loss,,2025/5/6 21:11
11747,Chinese Leek Sections,2,3,Stock Receipt,Distribution Transfer,2025/5/6 22:05
11747,Chinese Leek Sections,-1.05,1.95,Consumption Log,,2025/5/6 22:23
11747,Chinese Leek Sections,0.05,2,Stocktake Gain,,2025/5/6 23:58
11747,Chinese Leek Sections,2,4,Stock Receipt,Distribution Transfer,2025/5/7 13:51
11747,Chinese Leek Sections,-1.26,2.74,Consumption Log,,2025/5/7 22:25
11747,Chinese Leek Sections,0.26,3,Stocktake Gain,,2025/5/8 11:15
11747,Chinese Leek Sections,1,4,Stock Receipt,Distribution Transfer,2025/5/8 21:31
11747,Chinese Leek Sections,-1.37,2.63,Consumption Log,,2025/5/8 22:30
11747,Chinese Leek Sections,-1.86,0.77,Consumption Log,,2025/5/9 22:36
11747,Chinese Leek Sections,2,2.77,Stock Receipt,Distribution Transfer,2025/5/9 23:01
11747,Chinese Leek Sections,-0.77,2,Stocktake Loss,,2025/5/10 22:39
11747,Chinese Leek Sections,2,4,Stock Receipt,Distribution Transfer,2025/5/10 22:42
11747,Chinese Leek Sections,-3,1,Stocktake Loss,,2025/5/11 11:45
11747,Chinese Leek Sections,2,3,Stock Receipt,Distribution Transfer,2025/5/11 21:07
11747,Chinese Leek Sections,-1.29,1.71,Consumption Log,,2025/5/11 22:22
11747,Chinese Leek Sections,-0.71,1,Stocktake Loss,,2025/5/12 17:50
11747,Chinese Leek Sections,2,3,Stock Receipt,Distribution Transfer,2025/5/12 21:12
11747,Chinese Leek Sections,-0.99,2.01,Consumption Log,,2025/5/12 22:06
11747,Chinese Leek Sections,-0.51,1.5,Stocktake Loss,,2025/5/13 12:44
11747,Chinese Leek Sections,2,3.5,Stock Receipt,Distribution Transfer,2025/5/13 20:37
11747,Chinese Leek Sections,-1.38,2.12,Consumption Log,,2025/5/13 22:19
11747,Chinese Leek Sections,-0.12,2,Stocktake Loss,,2025/5/14 22:15
11747,Chinese Leek Sections,1,3,Stock Receipt,Distribution Transfer,2025/5/14 22:17
11747,Chinese Leek Sections,-1.34,1.66,Consumption Log,,2025/5/14 22:24
11747,Chinese Leek Sections,2,3.66,Stock Receipt,Distribution Transfer,2025/5/15 20:56
11747,Chinese Leek Sections,-1.45,2.21,Consumption Log,,2025/5/15 22:10
11747,Chinese Leek Sections,-0.71,1.5,Stocktake Loss,,2025/5/16 9:17
11747,Chinese Leek Sections,2,3.5,Stock Receipt,Distribution Transfer,2025/5/16 21:40
11747,Chinese Leek Sections,-1.57,1.93,Consumption Log,,2025/5/16 22:29
11747,Chinese Leek Sections,0.57,2.5,Stocktake Gain,,2025/5/17 21:04
11747,Chinese Leek Sections,3,5.5,Stock Receipt,Distribution Transfer,2025/5/17 21:15
11747,Chinese Leek Sections,-2.17,3.33,Consumption Log,,2025/5/17 22:25
11747,Chinese Leek Sections,-2.13,1.2,Stocktake Loss,,2025/5/18 11:01
11747,Chinese Leek Sections,2,3.2,Stock Receipt,Distribution Transfer,2025/5/18 21:28
11747,Chinese Leek Sections,-1.41,1.79,Consumption Log,,2025/5/18 22:46
11747,Chinese Leek Sections,-0.79,1,Stocktake Loss,,2025/5/19 20:08
11747,Chinese Leek Sections,2,3,Stock Receipt,Distribution Transfer,2025/5/19 21:49
11747,Chinese Leek Sections,-1.21,1.79,Consumption Log,,2025/5/19 22:23
11747,Chinese Leek Sections,0.21,2,Stocktake Gain,,2025/5/20 13:51
11747,Chinese Leek Sections,2,4,Stock Receipt,Distribution Transfer,2025/5/20 21:41
11747,Chinese Leek Sections,-2.56,1.44,Consumption Log,,2025/5/20 22:46
11747,Chinese Leek Sections,0.56,2,Stocktake Gain,,2025/5/21 20:46
11747,Chinese Leek Sections,2,4,Stock Receipt,Distribution Transfer,2025/5/21 21:25
11747,Chinese Leek Sections,-1.64,2.36,Consumption Log,,2025/5/21 22:19
11747,Chinese Leek Sections,-1.86,0.5,Stocktake Loss,,2025/5/22 9:36
11747,Chinese Leek Sections,2,2.5,Stock Receipt,Distribution Transfer,2025/5/22 14:05
11747,Chinese Leek Sections,-1.24,1.26,Consumption Log,,2025/5/22 22:47
11747,Chinese Leek Sections,-0.76,0.5,Stocktake Loss,,2025/5/23 10:39
11747,Chinese Leek Sections,2,2.5,Stock Receipt,Distribution Transfer,2025/5/23 13:07
11747,Chinese Leek Sections,-1.65,0.85,Consumption Log,,2025/5/23 23:26
11747,Chinese Leek Sections,3,3.85,Stock Receipt,Distribution Transfer,2025/5/24 14:12
11747,Chinese Leek Sections,-2.16,1.69,Consumption Log,,2025/5/24 22:39
11747,Chinese Leek Sections,0.31,2,Stocktake Gain,,2025/5/25 11:42
11747,Chinese Leek Sections,3,5,Stock Receipt,Distribution Transfer,2025/5/25 21:09
11747,Chinese Leek Sections,-2.2,2.8,Consumption Log,,2025/5/25 22:26
11747,Chinese Leek Sections,-1.8,1,Stocktake Loss,,2025/5/25 23:34
11747,Chinese Leek Sections,2,3,Stock Receipt,Distribution Transfer,2025/5/26 12:39
11747,Chinese Leek Sections,-1.12,1.88,Consumption Log,,2025/5/26 21:35
11747,Chinese Leek Sections,-0.88,1,Stocktake Loss,,2025/5/27 20:39
11747,Chinese Leek Sections,2,3,Stock Receipt,Distribution Transfer,2025/5/27 21:23
11747,Chinese Leek Sections,-1.24,1.76,Consumption Log,,2025/5/27 22:27
11747,Chinese Leek Sections,-0.26,1.5,Stocktake Loss,,2025/5/28 0:19
11747,Chinese Leek Sections,2,3.5,Stock Receipt,Distribution Transfer,2025/5/28 21:40
11747,Chinese Leek Sections,-1.44,2.06,Consumption Log,,2025/5/28 22:25
11747,Chinese Leek Sections,2,4.06,Stock Receipt,Distribution Transfer,2025/5/29 13:18
11747,Chinese Leek Sections,-1.51,2.55,Consumption Log,,2025/5/29 22:12
11747,Chinese Leek Sections,-0.55,2,Stocktake Loss,,2025/5/30 13:38
11747,Chinese Leek Sections,1,3,Stock Receipt,Distribution Transfer,2025/5/30 14:22
11747,Chinese Leek Sections,-1.92,1.08,Consumption Log,,2025/5/30 22:55
11747,Chinese Leek Sections,-0.08,1,Stocktake Loss,,2025/5/31 9:14
11747,Chinese Leek Sections,2,3,Stock Receipt,Distribution Transfer,2025/5/31 20:44
11747,Chinese Leek Sections,-1.48,1.52,Consumption Log,,2025/5/31 22:55
11747,Chinese Leek Sections,-1.52,0,Stocktake Loss,,2025/6/1 0:11
11747,Chinese Leek Sections,1,1,Stock Receipt,Distribution Transfer,2025/6/1 15:13
11747,Chinese Leek Sections,2,3,Stock Receipt,Distribution Transfer,2025/6/1 15:14
11747,Chinese Leek Sections,-1.76,1.24,Consumption Log,,2025/6/1 22:47
11747,Chinese Leek Sections,-1.24,0,Stocktake Loss,,2025/6/2 21:23
11747,Chinese Leek Sections,3,3,Stock Receipt,Distribution Transfer,2025/6/2 23:16
11747,Chinese Leek Sections,2,5,Stock Receipt,Distribution Transfer,2025/6/3 21:42
11747,Chinese Leek Sections,-1.17,3.83,Consumption Log,,2025/6/3 22:06
11747,Chinese Leek Sections,-1.34,2.49,Consumption Log,,2025/6/4 22:22
11747,Chinese Leek Sections,2,4.49,Stock Receipt,Distribution Transfer,2025/6/4 22:25
11747,Chinese Leek Sections,-2.49,2,Stocktake Loss,,2025/6/5 19:56
11747,Chinese Leek Sections,2,4,Stock Receipt,Distribution Transfer,2025/6/5 21:51
11747,Chinese Leek Sections,-1.18,2.82,Consumption Log,,2025/6/5 22:27
11747,Chinese Leek Sections,-1.82,1,Stocktake Loss,,2025/6/6 9:08
11747,Chinese Leek Sections,2,3,Stock Receipt,Distribution Transfer,2025/6/6 14:25
11747,Chinese Leek Sections,-1.9,1.1,Consumption Log,,2025/6/6 22:45
11747,Chinese Leek Sections,1.9,3,Stocktake Gain,,2025/6/7 11:11
11747,Chinese Leek Sections,2,5,Stock Receipt,Distribution Transfer,2025/6/7 13:17
11747,Chinese Leek Sections,-2.09,2.91,Consumption Log,,2025/6/7 22:51
11747,Chinese Leek Sections,-0.91,2,Stocktake Loss,,2025/6/8 11:19
11747,Chinese Leek Sections,2,4,Stock Receipt,Distribution Transfer,2025/6/8 14:42
11747,Chinese Leek Sections,-1.88,2.12,Consumption Log,,2025/6/8 22:22
11747,Chinese Leek Sections,-0.12,2,Stocktake Loss,,2025/6/9 9:06
11747,Chinese Leek Sections,2,4,Stock Receipt,Distribution Transfer,2025/6/9 22:00
11747,Chinese Leek Sections,-1.09,2.91,Consumption Log,,2025/6/9 22:19
11747,Chinese Leek Sections,-0.41,2.5,Stocktake Loss,,2025/6/10 21:51
11747,Chinese Leek Sections,2,4.5,Stock Receipt,Distribution Transfer,2025/6/10 21:59
11747,Chinese Leek Sections,-1.62,2.88,Consumption Log,,2025/6/10 22:25
11747,Chinese Leek Sections,-0.88,2,Stocktake Loss,,2025/6/11 10:55
11747,Chinese Leek Sections,3,5,Stock Receipt,Distribution Transfer,2025/6/11 13:43
11747,Chinese Leek Sections,-1.66,3.34,Consumption Log,,2025/6/11 23:03
11747,Chinese Leek Sections,1,4.34,Stock Receipt,Distribution Transfer,2025/6/12 13:35
11747,Chinese Leek Sections,-1.44,2.9,Consumption Log,,2025/6/12 22:24
11747,Chinese Leek Sections,-0.11,2.79,Consumption Log,,2025/6/13 11:50
11747,Chinese Leek Sections,-1.79,1,Stocktake Loss,,2025/6/13 18:01
11747,Chinese Leek Sections,1,2,Stock Receipt,Distribution Transfer,2025/6/13 21:24
11747,Chinese Leek Sections,-1.77,0.23,Consumption Log,,2025/6/13 22:38
11747,Chinese Leek Sections,2.07,2.3,Stocktake Gain,,2025/6/14 18:40
11747,Chinese Leek Sections,3,5.3,Stock Receipt,Distribution Transfer,2025/6/14 21:31
11747,Chinese Leek Sections,-2,3.3,Consumption Log,,2025/6/14 23:10
11747,Chinese Leek Sections,0.2,3.5,Stocktake Gain,,2025/6/15 22:06
11747,Chinese Leek Sections,2,5.5,Stock Receipt,Distribution Transfer,2025/6/15 22:08
11747,Chinese Leek Sections,-2.49,3.01,Consumption Log,,2025/6/15 22:35
11747,Chinese Leek Sections,-1.01,2,Stocktake Loss,,2025/6/16 21:52
11747,Chinese Leek Sections,2,4,Stock Receipt,Distribution Transfer,2025/6/16 21:58
11747,Chinese Leek Sections,-1.48,2.52,Consumption Log,,2025/6/16 22:24
11747,Chinese Leek Sections,2,4.52,Stock Receipt,Distribution Transfer,2025/6/17 21:13
11747,Chinese Leek Sections,-1.55,2.97,Consumption Log,,2025/6/17 22:55
11747,Chinese Leek Sections,0.03,3,Stocktake Gain,,2025/6/18 21:45
11747,Chinese Leek Sections,2,5,Stock Receipt,Distribution Transfer,2025/6/18 21:57
11747,Chinese Leek Sections,-1.85,3.15,Consumption Log,,2025/6/18 22:16
11747,Chinese Leek Sections,-1.15,2,Stocktake Loss,,2025/6/19 11:48
11747,Chinese Leek Sections,2,4,Stock Receipt,Distribution Transfer,2025/6/19 13:09
11747,Chinese Leek Sections,-1.68,2.32,Consumption Log,,2025/6/19 22:14
11747,Chinese Leek Sections,-0.07,2.25,Consumption Log,,2025/6/20 9:38
11747,Chinese Leek Sections,2,4.25,Stock Receipt,Distribution Transfer,2025/6/20 14:22
11747,Chinese Leek Sections,-1.77,2.48,Consumption Log,,2025/6/20 22:35
11747,Chinese Leek Sections,-2.47,0.01,Stocktake Loss,,2025/6/21 22:06
11747,Chinese Leek Sections,4,4.01,Stock Receipt,Distribution Transfer,2025/6/21 22:16
11747,Chinese Leek Sections,-2.63,1.38,Consumption Log,,2025/6/21 23:03
11747,Chinese Leek Sections,2.63,4.01,Stocktake Gain,,2025/6/22 22:06
11747,Chinese Leek Sections,1,5.01,Stock Receipt,Distribution Transfer,2025/6/22 22:15
11747,Chinese Leek Sections,-2.28,2.73,Consumption Log,,2025/6/22 22:20
11747,Chinese Leek Sections,-1.72,1.01,Stocktake Loss,,2025/6/23 17:31
11747,Chinese Leek Sections,-1,0.01,Consumption Log,,2025/6/23 22:15
11747,Chinese Leek Sections,3,3.01,Stock Receipt,Distribution Transfer,2025/6/23 22:17
11747,Chinese Leek Sections,1,4.01,Stocktake Gain,,2025/6/24 9:47
11747,Chinese Leek Sections,2,6.01,Stock Receipt,Distribution Transfer,2025/6/24 14:05
11747,Chinese Leek Sections,-0.5,5.51,Stock Requisition,,2025/6/24 22:25
11747,Chinese Leek Sections,-1.79,3.72,Consumption Log,,2025/6/24 22:37
11747,Chinese Leek Sections,-1.53,2.19,Consumption Log,,2025/6/25 22:31
11747,Chinese Leek Sections,-1.18,1.01,Stocktake Loss,,2025/6/25 23:08
11747,Chinese Leek Sections,4,5.01,Stock Receipt,Distribution Transfer,2025/6/26 21:26
11747,Chinese Leek Sections,-1.11,3.9,Consumption Log,,2025/6/26 22:38
11747,Chinese Leek Sections,0.11,4.01,Stocktake Gain,,2025/6/27 11:23
11747,Chinese Leek Sections,2,6.01,Stock Receipt,Distribution Transfer,2025/6/27 12:59
11747,Chinese Leek Sections,-2.19,3.82,Consumption Log,,2025/6/27 22:40
11747,Chinese Leek Sections,0.19,4.01,Stocktake Gain,,2025/6/28 0:54
11747,Chinese Leek Sections,3,7.01,Stock Receipt,Distribution Transfer,2025/6/28 14:46
11747,Chinese Leek Sections,-2.35,4.66,Consumption Log,,2025/6/28 22:18
11747,Chinese Leek Sections,-0.65,4.01,Stocktake Loss,,2025/6/28 23:22
11747,Chinese Leek Sections,-2.72,1.29,Consumption Log,,2025/6/29 22:20
11747,Chinese Leek Sections,2,3.29,Stock Receipt,Distribution Transfer,2025/6/29 22:30
11747,Chinese Leek Sections,-0.28,3.01,Stocktake Loss,,2025/6/29 23:23
11747,Chinese Leek Sections,2,5.01,Stock Receipt,Distribution Transfer,2025/6/30 18:14
11747,Chinese Leek Sections,-1.77,3.24,Consumption Log,,2025/6/30 22:28
11747,Chinese Leek Sections,-0.23,3.01,Stocktake Loss,,2025/6/30 23:53
11747,Chinese Leek Sections,2,5.01,Stock Receipt,Distribution Transfer,2025/7/1 14:24
11747,Chinese Leek Sections,-1.83,3.18,Consumption Log,,2025/7/1 22:37
11747,Chinese Leek Sections,0.03,3.21,Stocktake Gain,,2025/7/2 0:26
11747,Chinese Leek Sections,2,5.21,Stock Receipt,Distribution Transfer,2025/7/2 13:47
11747,Chinese Leek Sections,-1.58,3.63,Consumption Log,,2025/7/2 22:11
11747,Chinese Leek Sections,-0.62,3.01,Stocktake Loss,,2025/7/3 20:42
11747,Chinese Leek Sections,1,4.01,Stock Receipt,Distribution Transfer,2025/7/3 21:21
11747,Chinese Leek Sections,-1.98,2.03,Consumption Log,,2025/7/3 22:34
11747,Chinese Leek Sections,-0.02,2.01,Stocktake Loss,,2025/7/4 3:10
11747,Chinese Leek Sections,4,6.01,Stock Receipt,Distribution Transfer,2025/7/4 21:23
11747,Chinese Leek Sections,-2.22,3.79,Consumption Log,,2025/7/4 22:27
11747,Chinese Leek Sections,0.22,4.01,Stocktake Gain,,2025/7/5 21:45
11747,Chinese Leek Sections,2,6.01,Stock Receipt,Distribution Transfer,2025/7/5 22:04
11747,Chinese Leek Sections,-2.48,3.53,Consumption Log,,2025/7/5 22:40
11747,Chinese Leek Sections,-0.52,3.01,Stocktake Loss,,2025/7/6 21:47
11747,Chinese Leek Sections,2,5.01,Stock Receipt,Distribution Transfer,2025/7/6 21:53
11747,Chinese Leek Sections,-2.23,2.78,Consumption Log,,2025/7/6 22:29
11747,Chinese Leek Sections,0.23,3.01,Stocktake Gain,,2025/7/6 23:49
11747,Chinese Leek Sections,2,5.01,Stock Receipt,Distribution Transfer,2025/7/7 22:02
11747,Chinese Leek Sections,-1.37,3.64,Consumption Log,,2025/7/7 22:34
11747,Chinese Leek Sections,-0.62,3.02,Stocktake Loss,,2025/7/8 21:43
11747,Chinese Leek Sections,2,5.02,Stock Receipt,Distribution Transfer,2025/7/8 21:51
11747,Chinese Leek Sections,-1.52,3.5,Consumption Log,,2025/7/8 22:11
11747,Chinese Leek Sections,-0.48,3.02,Stocktake Loss,,2025/7/9 9:30
11747,Chinese Leek Sections,-1.84,1.18,Consumption Log,,2025/7/9 22:26
11747,Chinese Leek Sections,-0.16,1.02,Stocktake Loss,,2025/7/10 0:14
11747,Chinese Leek Sections,2,3.02,Stock Receipt,Distribution Transfer,2025/7/10 13:48
11747,Chinese Leek Sections,-1.54,1.48,Consumption Log,,2025/7/10 22:27
11747,Chinese Leek Sections,-0.46,1.02,Stocktake Loss,,2025/7/11 0:54
11747,Chinese Leek Sections,3,4.02,Stock Receipt,Distribution Transfer,2025/7/11 19:41
11747,Chinese Leek Sections,-1.55,2.47,Consumption Log,,2025/7/11 22:20
11747,Chinese Leek Sections,-1.45,1.02,Stocktake Loss,,2025/7/12 22:26
11747,Chinese Leek Sections,2,3.02,Stock Receipt,Distribution Transfer,2025/7/12 22:27
11747,Chinese Leek Sections,-2.35,0.67,Consumption Log,,2025/7/12 23:02
11747,Chinese Leek Sections,0.55,1.22,Stocktake Gain,,2025/7/13 0:32
11747,Chinese Leek Sections,3,4.22,Stock Receipt,Distribution Transfer,2025/7/13 21:10
11747,Chinese Leek Sections,-1.43,2.79,Consumption Log,,2025/7/13 22:17
11747,Chinese Leek Sections,2,4.79,Stock Receipt,Distribution Transfer,2025/7/14 21:41
11747,Chinese Leek Sections,-1.94,2.85,Consumption Log,,2025/7/14 22:29
11747,Chinese Leek Sections,3,5.85,Stock Receipt,Distribution Transfer,2025/7/15 14:09
11747,Chinese Leek Sections,-1.85,4,Consumption Log,,2025/7/15 22:46
11747,Chinese Leek Sections,-0.04,3.96,Consumption Log,,2025/7/16 10:40
11747,Chinese Leek Sections,-2.45,1.51,Stocktake Loss,,2025/7/16 14:17
11747,Chinese Leek Sections,2,3.51,Stock Receipt,Distribution Transfer,2025/7/16 21:10
11747,Chinese Leek Sections,-1.69,1.82,Consumption Log,,2025/7/16 22:14
11747,Chinese Leek Sections,-0.51,1.31,Stocktake Loss,,2025/7/17 0:30
11747,Chinese Leek Sections,2,3.31,Stock Receipt,Distribution Transfer,2025/7/17 14:14
11747,Chinese Leek Sections,-1.76,1.55,Consumption Log,,2025/7/17 22:21
11747,Chinese Leek Sections,-0.04,1.51,Stocktake Loss,,2025/7/18 9:40
11747,Chinese Leek Sections,2,3.51,Stock Receipt,Distribution Transfer,2025/7/18 13:59
11747,Chinese Leek Sections,-2,1.51,Consumption Log,,2025/7/18 22:29
11747,Chinese Leek Sections,-0.5,1.01,Stocktake Loss,,2025/7/19 21:47
11747,Chinese Leek Sections,3,4.01,Stock Receipt,Distribution Transfer,2025/7/19 21:48
11747,Chinese Leek Sections,-2.57,1.44,Consumption Log,,2025/7/19 22:41
11747,Chinese Leek Sections,-0.43,1.01,Stocktake Loss,,2025/7/20 0:58
11747,Chinese Leek Sections,3,4.01,Stock Receipt,Distribution Transfer,2025/7/20 21:45
11747,Chinese Leek Sections,-1.16,2.85,Consumption Log,,2025/7/20 22:47
11747,Chinese Leek Sections,-0.84,2.01,Stocktake Loss,,2025/7/21 11:35
11747,Chinese Leek Sections,3,5.01,Stock Receipt,Distribution Transfer,2025/7/21 21:28
11747,Chinese Leek Sections,-1.62,3.39,Consumption Log,,2025/7/21 22:38
11747,Chinese Leek Sections,-1.38,2.01,Stocktake Loss,,2025/7/22 21:49
11747,Chinese Leek Sections,2,4.01,Stock Receipt,Distribution Transfer,2025/7/22 21:55
11747,Chinese Leek Sections,-1.58,2.43,Consumption Log,,2025/7/22 22:27
11747,Chinese Leek Sections,0.08,2.51,Stocktake Gain,,2025/7/23 21:32
11747,Chinese Leek Sections,2,4.51,Stock Receipt,Distribution Transfer,2025/7/23 21:56
11747,Chinese Leek Sections,-1.37,3.14,Consumption Log,,2025/7/23 22:15
11747,Chinese Leek Sections,-0.63,2.51,Stocktake Loss,,2025/7/24 9:29
11747,Chinese Leek Sections,2,4.51,Stock Receipt,Distribution Transfer,2025/7/24 15:09
11747,Chinese Leek Sections,-1.48,3.03,Consumption Log,,2025/7/24 22:28
11747,Chinese Leek Sections,0.18,3.21,Stocktake Gain,,2025/7/25 9:30
11747,Chinese Leek Sections,2,5.21,Stock Receipt,Distribution Transfer,2025/7/25 21:44
11747,Chinese Leek Sections,-1.72,3.49,Consumption Log,,2025/7/25 22:43
11747,Chinese Leek Sections,-0.49,3,Stocktake Loss,,2025/7/26 8:56
11747,Chinese Leek Sections,3,6,Stock Receipt,Distribution Transfer,2025/7/26 20:58
11747,Chinese Leek Sections,-2.28,3.72,Consumption Log,,2025/7/26 22:44
11747,Chinese Leek Sections,-0.71,3.01,Stocktake Loss,,2025/7/26 23:55
11747,Chinese Leek Sections,2,5.01,Stock Receipt,Distribution Transfer,2025/7/27 14:17
11747,Chinese Leek Sections,-2.19,2.82,Consumption Log,,2025/7/27 22:01
11747,Chinese Leek Sections,0.19,3.01,Stocktake Gain,,2025/7/28 22:04
11747,Chinese Leek Sections,-1.45,1.56,Consumption Log,,2025/7/28 22:19
11747,Chinese Leek Sections,1.45,3.01,Stocktake Gain,,2025/7/29 21:41
11747,Chinese Leek Sections,-1.47,1.54,Consumption Log,,2025/7/29 22:27
11747,Chinese Leek Sections,-0.12,1.42,Stocktake Loss,,2025/7/30 9:37
11747,Chinese Leek Sections,-1.4,0.02,Consumption Log,,2025/7/30 22:07
11747,Chinese Leek Sections,1,1.02,Stock Receipt,Distribution Transfer,2025/7/31 17:07
11747,Chinese Leek Sections,-1,0.02,Consumption Log,,2025/7/31 22:31
11747,Chinese Leek Sections,1,1.02,Stocktake Gain,,2025/7/31 23:34
11747,Chinese Leek Sections,1,2.02,Stock Receipt,Distribution Transfer,2025/8/1 14:03
11747,Chinese Leek Sections,-1.67,0.35,Consumption Log,,2025/8/1 22:14
11747,Chinese Leek Sections,0.67,1.02,Stocktake Gain,,2025/8/2 20:33
11747,Chinese Leek Sections,1,2.02,Stock Receipt,Distribution Transfer,2025/8/2 21:28
11747,Chinese Leek Sections,-2,0.02,Consumption Log,,2025/8/2 22:35
11747,Chinese Leek Sections,1,1.02,Stock Receipt,Distribution Transfer,2025/8/5 20:36
11747,Chinese Leek Sections,-1,0.02,Consumption Log,,2025/8/5 22:30
11747,Chinese Leek Sections,0.5,0.52,Stocktake Gain,,2025/8/6 0:38
11747,Chinese Leek Sections,-0.5,0.02,Consumption Log,,2025/8/6 22:14
11747,Chinese Leek Sections,0.3,0.32,Stocktake Gain,,2025/8/7 11:20
11747,Chinese Leek Sections,1,1.32,Stock Receipt,Distribution Transfer,2025/8/7 12:48
11747,Chinese Leek Sections,-1.3,0.02,Consumption Log,,2025/8/7 23:10
11747,Chinese Leek Sections,1,1.02,Stock Receipt,Distribution Transfer,2025/8/9 21:17
11747,Chinese Leek Sections,-0.33,0.69,Consumption Log,,2025/8/9 23:44
11747,Chinese Leek Sections,-0.01,0.68,Consumption Log,,2025/8/10 0:02
11747,Chinese Leek Sections,-0.15,0.53,Stocktake Loss,,2025/8/10 12:06
11747,Chinese Leek Sections,1,1.53,Stock Receipt,Distribution Transfer,2025/8/10 21:52
11747,Chinese Leek Sections,-0.58,0.95,Consumption Log,,2025/8/10 23:48
11747,Chinese Leek Sections,-0.12,0.83,Consumption Log,,2025/8/11 0:00
11747,Chinese Leek Sections,0.2,1.03,Stocktake Gain,,2025/8/11 22:49
11747,Chinese Leek Sections,-0.01,1.02,Consumption Log,,2025/8/11 23:39
11747,Chinese Leek Sections,-0.99,0.03,Consumption Log,,2025/8/12 0:21
11747,Chinese Leek Sections,1,1.03,Stock Receipt,Distribution Transfer,2025/8/12 21:41
11747,Chinese Leek Sections,-0.11,0.92,Consumption Log,,2025/8/12 22:54
11747,Chinese Leek Sections,-0.89,0.03,Consumption Log,,2025/8/13 0:11
11747,Chinese Leek Sections,1,1.03,Stocktake Gain,,2025/8/13 8:45
11747,Chinese Leek Sections,-1,0.03,Consumption Log,,2025/8/13 23:58
11747,Chinese Leek Sections,0.5,0.53,Stocktake Gain,,2025/8/14 22:09
11747,Chinese Leek Sections,1,1.53,Stock Receipt,Distribution Transfer,2025/8/14 22:18
11747,Chinese Leek Sections,-0.05,1.48,Consumption Log,,2025/8/14 23:28
11747,Chinese Leek Sections,-1.41,0.07,Consumption Log,,2025/8/15 0:15
11747,Chinese Leek Sections,-0.04,0.03,Consumption Log,,2025/8/15 23:58
11747,Chinese Leek Sections,1,1.03,Stocktake Gain,,2025/8/16 8:53
11747,Chinese Leek Sections,1,2.03,Stock Receipt,Distribution Transfer,2025/8/16 22:06
11747,Chinese Leek Sections,-1.12,0.91,Consumption Log,,2025/8/16 23:57
11747,Chinese Leek Sections,-0.38,0.53,Stocktake Loss,,2025/8/17 8:29
11747,Chinese Leek Sections,1,1.53,Stock Receipt,Distribution Transfer,2025/8/17 14:16
11747,Chinese Leek Sections,-1.5,0.03,Consumption Log,,2025/8/17 23:21
11747,Chinese Leek Sections,1,1.03,Stocktake Gain,,2025/8/18 13:00
11747,Chinese Leek Sections,-1,0.03,Consumption Log,,2025/8/18 23:18
11747,Chinese Leek Sections,1,1.03,Stock Receipt,Distribution Transfer,2025/8/19 15:26
11747,Chinese Leek Sections,-1,0.03,Consumption Log,,2025/8/19 23:04
11747,Chinese Leek Sections,1,1.03,Stocktake Gain,,2025/8/20 20:51
11747,Chinese Leek Sections,-0.32,0.71,Consumption Log,,2025/8/20 23:44
11747,Chinese Leek Sections,-0.68,0.03,Consumption Log,,2025/8/21 0:12
11747,Chinese Leek Sections,0.3,0.33,Stocktake Gain,,2025/8/21 1:05
11747,Chinese Leek Sections,-0.3,0.03,Consumption Log,,2025/8/21 23:46
11747,Chinese Leek Sections,1,1.03,Stock Receipt,Distribution Transfer,2025/8/22 22:04
11747,Chinese Leek Sections,-0.09,0.94,Consumption Log,,2025/8/22 23:01
11747,Chinese Leek Sections,-0.91,0.03,Consumption Log,,2025/8/23 0:23
11747,Chinese Leek Sections,2,2.03,Stock Receipt,Distribution Transfer,2025/8/24 22:13
11747,Chinese Leek Sections,-0.13,1.9,Consumption Log,,2025/8/24 23:59
11747,Chinese Leek Sections,-1.87,0.03,Consumption Log,,2025/8/25 0:03
11747,Chinese Leek Sections,1,1.03,Stocktake Gain,,2025/8/25 21:50
11747,Chinese Leek Sections,-0.11,0.92,Consumption Log,,2025/8/25 23:37
11747,Chinese Leek Sections,-0.89,0.03,Consumption Log,,2025/8/26 0:03
11747,Chinese Leek Sections,0.5,0.53,Stocktake Gain,,2025/8/26 21:32
11747,Chinese Leek Sections,1,1.53,Stock Receipt,Distribution Transfer,2025/8/26 21:34
11747,Chinese Leek Sections,-0.04,1.49,Consumption Log,,2025/8/26 23:19
11747,Chinese Leek Sections,-1.41,0.08,Consumption Log,,2025/8/27 0:02
11747,Chinese Leek Sections,0.45,0.53,Stocktake Gain,,2025/8/27 21:51
11747,Chinese Leek Sections,-0.04,0.49,Consumption Log,,2025/8/27 23:52
11747,Chinese Leek Sections,-0.46,0.03,Consumption Log,,2025/8/28 0:16
11747,Chinese Leek Sections,1,1.03,Stock Receipt,Distribution Transfer,2025/8/28 20:58
11747,Chinese Leek Sections,-0.28,0.75,Consumption Log,,2025/8/28 23:43
11747,Chinese Leek Sections,-0.72,0.03,Consumption Log,,2025/8/29 0:03
11747,Chinese Leek Sections,0.5,0.53,Stocktake Gain,,2025/8/29 10:46
11747,Chinese Leek Sections,1,1.53,Stock Receipt,Distribution Transfer,2025/8/29 14:12
11747,Chinese Leek Sections,-1.5,0.03,Consumption Log,,2025/8/29 23:55
11747,Chinese Leek Sections,1,1.03,Stocktake Gain,,2025/8/30 12:17
11747,Chinese Leek Sections,1,2.03,Stock Receipt,Distribution Transfer,2025/8/30 15:59
11747,Chinese Leek Sections,-2,0.03,Consumption Log,,2025/8/30 23:58
11747,Chinese Leek Sections,1,1.03,Stock Receipt,Distribution Transfer,2025/8/31 11:36
11747,Chinese Leek Sections,-1,0.03,Consumption Log,,2025/8/31 23:26
11747,Chinese Leek Sections,1.5,1.53,Stocktake Gain,,2025/9/1 1:18
11747,Chinese Leek Sections,-1.48,0.05,Consumption Log,,2025/9/1 23:28
11747,Chinese Leek Sections,0.98,1.03,Stocktake Gain,,2025/9/2 14:00
11747,Chinese Leek Sections,-1,0.03,Consumption Log,,2025/9/2 23:56
11747,Chinese Leek Sections,1,1.03,Stocktake Gain,,2025/9/3 21:52
11747,Chinese Leek Sections,1,2.03,Stock Receipt,Distribution Transfer,2025/9/3 21:56
11747,Chinese Leek Sections,-1.04,0.99,Consumption Log,,2025/9/3 23:59
11747,Chinese Leek Sections,0.04,1.03,Stocktake Gain,,2025/9/4 11:48
11747,Chinese Leek Sections,-1,0.03,Consumption Log,,2025/9/4 23:54
11747,Chinese Leek Sections,1,1.03,Stocktake Gain,,2025/9/5 11:59
11747,Chinese Leek Sections,1,2.03,Stock Receipt,Distribution Transfer,2025/9/5 13:44
11747,Chinese Leek Sections,-1.89,0.14,Consumption Log,,2025/9/5 23:47
11747,Chinese Leek Sections,-0.11,0.03,Consumption Log,,2025/9/6 0:17
11747,Chinese Leek Sections,1,1.03,Stocktake Gain,,2025/9/6 11:35
11747,Chinese Leek Sections,-1,0.03,Consumption Log,,2025/9/6 23:58
11747,Chinese Leek Sections,1,1.03,Stock Receipt,Distribution Transfer,2025/9/7 22:10
11747,Chinese Leek Sections,-0.11,0.92,Consumption Log,,2025/9/7 23:19
11747,Chinese Leek Sections,-0.89,0.03,Consumption Log,,2025/9/8 0:44
11747,Chinese Leek Sections,1,1.03,Stocktake Gain,,2025/9/8 21:57
11747,Chinese Leek Sections,-0.08,0.95,Consumption Log,,2025/9/8 23:35
11747,Chinese Leek Sections,-0.92,0.03,Consumption Log,,2025/9/9 0:03
11747,Chinese Leek Sections,0.6,0.63,Stocktake Gain,,2025/9/9 21:47
11747,Chinese Leek Sections,1,1.63,Stock Receipt,Distribution Transfer,2025/9/9 21:49
11747,Chinese Leek Sections,-0.04,1.59,Consumption Log,,2025/9/9 22:24
11747,Chinese Leek Sections,-1.1,0.49,Consumption Log,,2025/9/10 0:06
11747,Chinese Leek Sections,0.54,1.03,Stocktake Gain,,2025/9/10 11:54
11747,Chinese Leek Sections,-1,0.03,Consumption Log,,2025/9/10 23:50
11747,Chinese Leek Sections,1,1.03,Stock Receipt,Distribution Transfer,2025/9/11 21:48
11747,Chinese Leek Sections,-0.13,0.9,Consumption Log,,2025/9/11 23:55
11747,Chinese Leek Sections,-0.87,0.03,Consumption Log,,2025/9/12 0:25
11747,Chinese Leek Sections,1,1.03,Stocktake Gain,,2025/9/12 21:45
11747,Chinese Leek Sections,-0.23,0.8,Consumption Log,,2025/9/12 23:52
11747,Chinese Leek Sections,-0.77,0.03,Consumption Log,,2025/9/13 0:47
11747,Chinese Leek Sections,1,1.03,Stock Receipt,Distribution Transfer,2025/9/13 22:25
11747,Chinese Leek Sections,-0.08,0.95,Consumption Log,,2025/9/13 23:43
11747,Chinese Leek Sections,-0.92,0.03,Consumption Log,,2025/9/14 0:25
11747,Chinese Leek Sections,0.3,0.33,Stocktake Gain,,2025/9/14 21:54
11747,Chinese Leek Sections,1,1.33,Stock Receipt,Distribution Transfer,2025/9/14 22:05
11747,Chinese Leek Sections,-0.12,1.21,Consumption Log,,2025/9/14 23:48
11747,Chinese Leek Sections,-1.18,0.03,Consumption Log,,2025/9/15 0:46
11747,Chinese Leek Sections,1,1.03,Stock Receipt,Distribution Transfer,2025/9/15 22:27
11747,Chinese Leek Sections,-0.04,0.99,Consumption Log,,2025/9/15 23:54
11747,Chinese Leek Sections,-0.96,0.03,Consumption Log,,2025/9/16 0:43
11747,Chinese Leek Sections,0.5,0.53,Stocktake Gain,,2025/9/17 1:54
11747,Chinese Leek Sections,1,1.53,Stock Receipt,Distribution Transfer,2025/9/17 14:04
11747,Chinese Leek Sections,-1.23,0.3,Consumption Log,,2025/9/17 23:38
11747,Chinese Leek Sections,-0.27,0.03,Consumption Log,,2025/9/18 23:32
11747,Chinese Leek Sections,0.8,0.83,Stocktake Gain,,2025/9/19 18:12
11747,Chinese Leek Sections,1,1.83,Stock Receipt,Distribution Transfer,2025/9/19 21:15
11747,Chinese Leek Sections,-1.15,0.68,Consumption Log,,2025/9/19 23:26
11747,Chinese Leek Sections,-0.65,0.03,Consumption Log,,2025/9/20 0:02
11747,Chinese Leek Sections,1,1.03,Stocktake Gain,,2025/9/20 16:35
11747,Chinese Leek Sections,2,3.03,Stock Receipt,Distribution Transfer,2025/9/20 22:05
11747,Chinese Leek Sections,-1.11,1.92,Consumption Log,,2025/9/20 23:50
11747,Chinese Leek Sections,-0.79,1.13,Consumption Log,,2025/9/21 0:11
11747,Chinese Leek Sections,1.39,2.52,Stocktake Gain,,2025/9/21 10:45
11747,Chinese Leek Sections,-1.75,0.77,Consumption Log,,2025/9/21 23:49
11747,Chinese Leek Sections,-0.03,0.74,Consumption Log,,2025/9/22 0:01
11747,Chinese Leek Sections,0.77,1.51,Stocktake Gain,,2025/9/22 9:38
11747,Chinese Leek Sections,1,2.51,Stock Receipt,Distribution Transfer,2025/9/22 13:26
11747,Chinese Leek Sections,-1,1.51,Consumption Log,,2025/9/22 23:58
11747,Chinese Leek Sections,-0.51,1,Stocktake Loss,,2025/9/23 10:40
11747,Chinese Leek Sections,1,2,Stock Receipt,Distribution Transfer,2025/9/23 13:06
11747,Chinese Leek Sections,-0.98,1.02,Consumption Log,,2025/9/23 23:02
11747,Chinese Leek Sections,-1.02,0,Consumption Log,,2025/9/24 23:22
11747,Chinese Leek Sections,1,1,Stock Receipt,Distribution Transfer,2025/9/27 14:08
11747,Chinese Leek Sections,-1,0,Consumption Log,,2025/9/27 23:44
11747,Chinese Leek Sections,1,1,Stock Receipt,Distribution Transfer,2025/9/28 13:19
11747,Chinese Leek Sections,-0.93,0.07,Consumption Log,,2025/9/28 22:21
11747,Chinese Leek Sections,1,1.07,Stock Receipt,Distribution Transfer,2025/9/29 14:07
11747,Chinese Leek Sections,-1.04,0.03,Consumption Log,,2025/9/29 23:39
11747,Chinese Leek Sections,1,1.03,Stock Receipt,Distribution Transfer,2025/9/30 20:39
11747,Chinese Leek Sections,-0.39,0.64,Consumption Log,,2025/9/30 22:57
11747,Chinese Leek Sections,1.86,2.5,Stocktake Gain,,2025/10/1 0:56
11747,Chinese Leek Sections,2,4.5,Stock Receipt,Distribution Transfer,2025/10/1 15:26
11747,Chinese Leek Sections,-2.28,2.22,Consumption Log,,2025/10/1 23:54
11747,Chinese Leek Sections,-0.01,2.21,Consumption Log,,2025/10/2 0:13
11747,Chinese Leek Sections,-1.83,0.38,Consumption Log,,2025/10/2 23:46
11747,Chinese Leek Sections,-0.38,0,Consumption Log,,2025/10/3 23:57
11747,Chinese Leek Sections,1,1,Stock Receipt,Distribution Transfer,2025/10/5 22:18
11747,Chinese Leek Sections,-0.11,0.89,Consumption Log,,2025/10/5 23:59
11747,Chinese Leek Sections,-0.89,0,Consumption Log,,2025/10/6 0:16
11747,Chinese Leek Sections,1,1,Stock Receipt,Distribution Transfer,2025/10/7 14:24
11747,Chinese Leek Sections,-1,0,Consumption Log,,2025/10/7 23:59
11747,Chinese Leek Sections,1,1,Stock Receipt,Distribution Transfer,2025/10/8 23:00
11747,Chinese Leek Sections,-1,0,Consumption Log,,2025/10/9 0:03
11747,Chinese Leek Sections,1,1,Stock Receipt,Distribution Transfer,2025/10/9 22:13
11747,Chinese Leek Sections,-0.01,0.99,Consumption Log,,2025/10/9 23:35
11747,Chinese Leek Sections,-0.88,0.11,Consumption Log,,2025/10/10 0:17
11747,Chinese Leek Sections,1,1.11,Stock Receipt,Distribution Transfer,2025/10/10 22:07
11747,Chinese Leek Sections,-0.22,0.89,Consumption Log,,2025/10/10 23:56
11747,Chinese Leek Sections,-0.35,0.54,Consumption Log,,2025/10/11 0:41
11747,Chinese Leek Sections,-0.53,0.01,Consumption Log,,2025/10/11 23:55
11747,Chinese Leek Sections,1,1.01,Stock Receipt,Distribution Transfer,2025/10/13 14:11
11747,Chinese Leek Sections,-0.81,0.2,Consumption Log,,2025/10/13 23:51
11747,Chinese Leek Sections,-0.01,0.19,Consumption Log,,2025/10/14 0:20
11747,Chinese Leek Sections,1,1.19,Stock Receipt,Distribution Transfer,2025/10/14 22:21
11747,Chinese Leek Sections,1,2.19,Stock Receipt,Distribution Transfer,2025/10/14 22:21
11747,Chinese Leek Sections,-0.22,1.97,Consumption Log,,2025/10/14 23:35
11747,Chinese Leek Sections,-0.01,1.96,Consumption Log,,2025/10/15 0:55
11747,Chinese Leek Sections,1,2.96,Stock Receipt,Distribution Transfer,2025/10/15 14:43
11747,Chinese Leek Sections,-1.07,1.89,Consumption Log,,2025/10/15 23:27
11747,Chinese Leek Sections,-1.2,0.69,Consumption Log,,2025/10/16 23:40
11747,Chinese Leek Sections,1,1.69,Stock Receipt,Distribution Transfer,2025/10/17 14:10
11747,Chinese Leek Sections,-1.49,0.2,Consumption Log,,2025/10/17 23:46
11747,Chinese Leek Sections,-0.03,0.17,Consumption Log,,2025/10/18 0:10
11747,Chinese Leek Sections,0.84,1.01,Stocktake Gain,,2025/10/18 12:11
11747,Chinese Leek Sections,1,2.01,Stock Receipt,Distribution Transfer,2025/10/18 22:21
11747,Chinese Leek Sections,-1.08,0.93,Consumption Log,,2025/10/18 23:50
11747,Chinese Leek Sections,-0.11,0.82,Consumption Log,,2025/10/19 0:22
11747,Chinese Leek Sections,-0.81,0.01,Consumption Log,,2025/10/19 23:52
11747,Chinese Leek Sections,1,1.01,Stock Receipt,Distribution Transfer,2025/10/20 0:33
11747,Chinese Leek Sections,1,2.01,Stock Receipt,Distribution Transfer,2025/10/20 22:29
11747,Chinese Leek Sections,-0.05,1.96,Consumption Log,,2025/10/20 23:30
11747,Chinese Leek Sections,-1.42,0.54,Consumption Log,,2025/10/21 8:18
11747,Chinese Leek Sections,1,1.54,Stock Receipt,Distribution Transfer,2025/10/21 23:03
11747,Chinese Leek Sections,-0.56,0.98,Consumption Log,,2025/10/21 23:43
11747,Chinese Leek Sections,1.03,2.01,Stocktake Gain,,2025/10/22 14:25
11747,Chinese Leek Sections,-0.69,1.32,Consumption Log,,2025/10/22 23:22
11747,Chinese Leek Sections,-0.35,0.97,Consumption Log,,2025/10/23 0:00
11747,Chinese Leek Sections,-0.96,0.01,Consumption Log,,2025/10/23 23:55
11747,Chinese Leek Sections,1,1.01,Stocktake Gain,,2025/10/24 13:16
11747,Chinese Leek Sections,1,2.01,Stock Receipt,Distribution Transfer,2025/10/24 21:13
11747,Chinese Leek Sections,-1.25,0.76,Consumption Log,,2025/10/24 23:43
11747,Chinese Leek Sections,-0.14,0.62,Consumption Log,,2025/10/25 0:05
11747,Chinese Leek Sections,-0.61,0.01,Consumption Log,,2025/10/25 23:53
11747,Chinese Leek Sections,1,1.01,Stock Receipt,Distribution Transfer,2025/10/26 0:31
11747,Chinese Leek Sections,1,2.01,Stock Receipt,Distribution Transfer,2025/10/26 22:04
11747,Chinese Leek Sections,-1.07,0.94,Consumption Log,,2025/10/26 23:59
11747,Chinese Leek Sections,-0.93,0.01,Consumption Log,,2025/10/27 0:05
11747,Chinese Leek Sections,1,1.01,Stock Receipt,Distribution Transfer,2025/10/30 23:00
11747,Chinese Leek Sections,1,2.01,Stock Receipt,Distribution Transfer,2025/10/31 17:50
11747,Chinese Leek Sections,-1.35,0.66,Consumption Log,,2025/10/31 23:23
11747,Chinese Leek Sections,0.35,1.01,Stocktake Gain,,2025/11/1 0:27
11747,Chinese Leek Sections,1,2.01,Stock Receipt,Distribution Transfer,2025/11/1 22:10
11747,Chinese Leek Sections,-1.11,0.9,Consumption Log,,2025/11/1 23:33
11747,Chinese Leek Sections,-0.01,0.89,Consumption Log,,2025/11/2 0:30
11747,Chinese Leek Sections,1,1.89,Stock Receipt,Distribution Transfer,2025/11/2 22:04
11747,Chinese Leek Sections,-0.95,0.94,Consumption Log,,2025/11/2 23:23
11747,Chinese Leek Sections,1,1.94,Stock Receipt,Distribution Transfer,2025/11/3 21:46
11747,Chinese Leek Sections,-1.05,0.89,Consumption Log,,2025/11/3 23:56
11747,Chinese Leek Sections,-0.59,0.3,Consumption Log,,2025/11/4 23:45
11747,Chinese Leek Sections,-0.29,0.01,Consumption Log,,2025/11/5 0:09
11747,Chinese Leek Sections,1,1.01,Stock Receipt,Distribution Transfer,2025/11/6 21:45
11747,Chinese Leek Sections,-0.08,0.93,Consumption Log,,2025/11/6 23:28
11747,Chinese Leek Sections,1,1.93,Stock Receipt,Distribution Transfer,2025/11/7 14:28
11747,Chinese Leek Sections,-0.87,1.06,Consumption Log,,2025/11/7 23:24
11747,Chinese Leek Sections,-0.48,0.58,Consumption Log,,2025/11/8 0:51
11747,Chinese Leek Sections,1,1.58,Stock Receipt,Distribution Transfer,2025/11/8 22:24
11747,Chinese Leek Sections,-0.65,0.93,Consumption Log,,2025/11/8 23:52
11747,Chinese Leek Sections,-0.01,0.92,Consumption Log,,2025/11/9 0:43
11747,Chinese Leek Sections,-0.91,0.01,Consumption Log,,2025/11/9 23:30
11747,Chinese Leek Sections,1,1.01,Stock Receipt,Distribution Transfer,2025/11/10 20:39
11747,Chinese Leek Sections,-0.19,0.82,Consumption Log,,2025/11/10 23:57
11747,Chinese Leek Sections,1,1.82,Stock Receipt,Distribution Transfer,2025/11/11 20:37
11747,Chinese Leek Sections,-0.97,0.85,Consumption Log,,2025/11/11 23:51
11747,Chinese Leek Sections,-0.01,0.84,Consumption Log,,2025/11/12 0:21
11747,Chinese Leek Sections,-0.82,0.02,Stocktake Loss,,2025/11/12 9:53
11747,Chinese Leek Sections,1,1.02,Stock Receipt,Distribution Transfer,2025/11/13 0:12
11747,Chinese Leek Sections,1,2.02,Stock Receipt,Distribution Transfer,2025/11/13 21:37
11747,Chinese Leek Sections,-1.12,0.9,Consumption Log,,2025/11/13 23:28
11747,Chinese Leek Sections,-0.03,0.87,Consumption Log,,2025/11/14 0:24
11747,Chinese Leek Sections,-0.85,0.02,Consumption Log,,2025/11/14 23:47
11747,Chinese Leek Sections,1,1.02,Stock Receipt,Distribution Transfer,2025/11/15 21:22
11747,Chinese Leek Sections,-0.28,0.74,Consumption Log,,2025/11/15 23:57
11747,Chinese Leek Sections,-0.09,0.65,Consumption Log,,2025/11/16 0:57
11747,Chinese Leek Sections,-0.32,0.33,Stocktake Loss,,2025/11/16 9:17
11747,Chinese Leek Sections,-0.3,0.03,Consumption Log,,2025/11/16 23:50
11747,Chinese Leek Sections,1,1.03,Stock Receipt,Distribution Transfer,2025/11/17 22:20
11747,Chinese Leek Sections,-0.05,0.98,Consumption Log,,2025/11/17 23:06
11747,Chinese Leek Sections,-0.95,0.03,Consumption Log,,2025/11/18 23:49
11747,Chinese Leek Sections,1,1.03,Stock Receipt,Distribution Transfer,2025/11/20 0:10
11747,Chinese Leek Sections,1,2.03,Stock Receipt,Distribution Transfer,2025/11/20 21:50
11747,Chinese Leek Sections,-1.2,0.83,Consumption Log,,2025/11/20 23:57
11747,Chinese Leek Sections,1,1.83,Stock Receipt,Distribution Transfer,2025/11/21 22:11
11747,Chinese Leek Sections,-0.88,0.95,Consumption Log,,2025/11/21 23:34
11747,Chinese Leek Sections,-0.04,0.91,Consumption Log,,2025/11/22 0:10
11747,Chinese Leek Sections,-0.28,0.63,Consumption Log,,2025/11/22 23:32
11747,Chinese Leek Sections,-0.6,0.03,Consumption Log,,2025/11/23 0:11
11747,Chinese Leek Sections,1,1.03,Stock Receipt,Distribution Transfer,2025/11/23 17:09
11747,Chinese Leek Sections,1,2.03,Stock Receipt,Distribution Transfer,2025/11/23 17:09
11747,Chinese Leek Sections,-1.2,0.83,Consumption Log,,2025/11/23 23:59
11747,Chinese Leek Sections,1,1.83,Stock Receipt,Distribution Transfer,2025/11/24 17:07
11747,Chinese Leek Sections,-1.17,0.66,Consumption Log,,2025/11/24 23:59
11747,Chinese Leek Sections,-0.63,0.03,Consumption Log,,2025/11/25 22:45
11747,Chinese Leek Sections,1,1.03,Stock Receipt,Distribution Transfer,2025/11/25 23:09
11747,Chinese Leek Sections,-1,0.03,Consumption Log,,2025/11/26 23:35
11747,Chinese Leek Sections,1,1.03,Stock Receipt,Distribution Transfer,2025/11/28 16:39
11747,Chinese Leek Sections,-1,0.03,Consumption Log,,2025/11/28 23:57
11747,Chinese Leek Sections,1,1.03,Stock Receipt,Distribution Transfer,2025/11/29 21:37
11747,Chinese Leek Sections,-0.23,0.8,Consumption Log,,2025/11/29 23:58
11747,Chinese Leek Sections,1,1.8,Stock Receipt,Distribution Transfer,2025/11/30 14:03
11747,Chinese Leek Sections,-1.53,0.27,Consumption Log,,2025/11/30 22:32
11747,Chinese Leek Sections,0.96,1.23,Stocktake Gain,,2025/11/30 23:52
11747,Chinese Leek Sections,1,2.23,Stock Receipt,Distribution Transfer,2025/12/1 20:49
11747,Chinese Leek Sections,-1.08,1.15,Consumption Log,,2025/12/1 23:49
11747,Chinese Leek Sections,1,2.15,Stock Receipt,Distribution Transfer,2025/12/2 14:04
11747,Chinese Leek Sections,-0.99,1.16,Consumption Log,,2025/12/2 23:23
11747,Chinese Leek Sections,-0.01,1.15,Consumption Log,,2025/12/3 0:30
11747,Chinese Leek Sections,-1.1,0.05,Consumption Log,,2025/12/3 23:11
11747,Chinese Leek Sections,1,1.05,Stock Receipt,Distribution Transfer,2025/12/3 23:15
11747,Chinese Leek Sections,-1.01,0.04,Consumption Log,,2025/12/4 22:26
11747,Chinese Leek Sections,1,1.04,Stock Receipt,Distribution Transfer,2025/12/7 14:04
11747,Chinese Leek Sections,-1,0.04,Consumption Log,,2025/12/7 23:01
11747,Chinese Leek Sections,1,1.04,Stock Receipt,Distribution Transfer,2025/12/8 21:10
11747,Chinese Leek Sections,-1,0.04,Consumption Log,,2025/12/8 22:33
11747,Chinese Leek Sections,1,1.04,Stock Receipt,Distribution Transfer,2025/12/9 22:00
11747,Chinese Leek Sections,-0.27,0.77,Consumption Log,,2025/12/9 22:33
11747,Chinese Leek Sections,1,1.77,Stock Receipt,Distribution Transfer,2025/12/10 20:24
11747,Chinese Leek Sections,-1.01,0.76,Consumption Log,,2025/12/10 22:31
11747,Chinese Leek Sections,-0.72,0.04,Consumption Log,,2025/12/11 22:31
11747,Chinese Leek Sections,1,1.04,Stock Receipt,Distribution Transfer,2025/12/12 15:31
11747,Chinese Leek Sections,-1,0.04,Consumption Log,,2025/12/12 23:29
11747,Chinese Leek Sections,1,1.04,Stock Receipt,Distribution Transfer,2025/12/13 22:25
11747,Chinese Leek Sections,-0.04,1,Consumption Log,,2025/12/13 23:34
11747,Chinese Leek Sections,2,3,Stock Receipt,Distribution Transfer,2025/12/14 15:13
11747,Chinese Leek Sections,-2.28,0.72,Consumption Log,,2025/12/14 23:38
11747,Chinese Leek Sections,-0.68,0.04,Consumption Log,,2025/12/15 22:40
11747,Chinese Leek Sections,1,1.04,Stock Receipt,Distribution Transfer,2025/12/16 20:40
11747,Chinese Leek Sections,-0.19,0.85,Consumption Log,,2025/12/16 22:38
11747,Chinese Leek Sections,-0.81,0.04,Consumption Log,,2025/12/17 23:04
11747,Chinese Leek Sections,1,1.04,Stock Receipt,Distribution Transfer,2025/12/17 23:30
11747,Chinese Leek Sections,-1,0.04,Consumption Log,,2025/12/18 22:20
11747,Chinese Leek Sections,1,1.04,Stock Receipt,Distribution Transfer,2025/12/19 21:54
11747,Chinese Leek Sections,-0.22,0.82,Consumption Log,,2025/12/19 23:54
11747,Chinese Leek Sections,1,1.82,Stock Receipt,Distribution Transfer,2025/12/20 22:18
11747,Chinese Leek Sections,-0.92,0.9,Consumption Log,,2025/12/20 23:13
11747,Chinese Leek Sections,-0.49,0.41,Consumption Log,,2025/12/21 9:41
11747,Chinese Leek Sections,-0.36,0.05,Consumption Log,,2025/12/21 22:24
11747,Chinese Leek Sections,1,1.05,Stock Receipt,Distribution Transfer,2025/12/21 22:43
11747,Chinese Leek Sections,-1,0.05,Consumption Log,,2025/12/22 23:53
11747,Chinese Leek Sections,1,1.05,Stock Receipt,Distribution Transfer,2025/12/23 15:08
11747,Chinese Leek Sections,-1,0.05,Consumption Log,,2025/12/23 22:51
11747,Chinese Leek Sections,1,1.05,Stock Receipt,Distribution Transfer,2025/12/24 21:22
11747,Chinese Leek Sections,-0.26,0.79,Consumption Log,,2025/12/24 22:32
11747,Chinese Leek Sections,1,1.79,Stock Receipt,Distribution Transfer,2025/12/25 22:26
11747,Chinese Leek Sections,-0.75,1.04,Consumption Log,,2025/12/25 22:57
11747,Chinese Leek Sections,1,2.04,Stock Receipt,Distribution Transfer,2025/12/26 22:08
11747,Chinese Leek Sections,-1.86,0.18,Consumption Log,,2025/12/26 23:23
11747,Chinese Leek Sections,1,1.18,Stock Receipt,Distribution Transfer,2025/12/27 22:44
11747,Chinese Leek Sections,-1.13,0.05,Consumption Log,,2025/12/27 23:21
11747,Chinese Leek Sections,1,1.05,Stock Receipt,Distribution Transfer,2025/12/30 21:52
11747,Chinese Leek Sections,-0.15,0.9,Consumption Log,,2025/12/30 22:38
11747,Chinese Leek Sections,1,1.9,Stock Receipt,Distribution Transfer,2025/12/31 13:06
11747,Chinese Leek Sections,-1.85,0.05,Consumption Log,,2025/12/31 23:56
11747,Chinese Leek Sections,0.5,0.55,Stocktake Gain,,2026/1/1 1:59
,,,,,,
,,,,,,
,,,,,,
,,,,,,
,,,,,,
,,,,,,
,,,,,,
,�Ʊ�ʱ��:2026-01-23 09:29:17,,,,,
