日期,菜品,销量
2025/12/22,香辣鱿鱼须,1
2025/12/17,红糖小糍粑,4
2025/12/1,烤羊肉串（2串起烤）,20
2025/12/31,烤鱿鱼须（外卖）,4
2025/12/31,精酿德式小麦（外卖）,1
2025/12/31,精酿德式小麦,3
2025/12/31,烤鱿鱼须(2串起烤),30
2025/12/31,精酿德式小麦,2
2025/12/27,红糖小糍粑,12
2025/12/27,烤五花肉,27
2025/12/10,烤五花（外卖）,10
2025/12/10,烤五花肉,2
2025/12/27,烤羊肉串（2串起烤）,105
2025/12/31,米饭（外卖）.,1
2025/12/31,米饭,94
2025/12/27,掌中宝（外卖）,14
2025/12/27,掌中宝（2串起烤）,45
2025/12/17,烤羊肉串（2串起烤）,44
2025/12/31,米饭（外卖）,69
2025/12/10,红糖小糍粑,8
2025/12/22,红糖小糍粑,6
2025/12/19,烤鸡翅,22
2025/12/19,烤鸡翅,6
2025/12/5,烤羊肉串（2串起烤）,90
2025/12/19,烤鸡翅,2
2025/12/14,米饭（外卖）.,1
2025/12/14,米饭,64
2025/12/27,凤梨烤牛肉,49
2025/12/17,黑椒猪颈肉（2串起烤）,57
2025/12/19,椒麻鸡翅尖,7
2025/12/14,米饭（外卖）,20
2025/12/27,黑椒猪颈肉（2串起烤）,104
2025/12/10,烤羊肉串（2串起烤）,24
2025/12/8,米饭,50
2025/12/8,米饭（外卖）,8
2025/12/11,黑椒猪颈肉（2串起烤）,58
2025/12/27,椒麻鸡翅尖,19
2025/12/27,椒麻鸡翅尖（外卖，份）,3
2025/12/6,红糖小糍粑,14
2025/12/27,烤鸡翅,25
2025/12/27,椒麻鸡翅尖（外卖，个）,24
2025/12/27,烤鸡翅,26
2025/12/22,黑椒猪颈肉（2串起烤）,53
2025/12/1,米饭（外卖）,15
2025/12/1,米饭,50
2025/12/27,包浆豆腐,19
2025/12/27,乡村酥肉（外卖）,2
2025/12/27,乡村酥肉,30
2025/12/4,米饭（外卖）,6
2025/12/4,米饭,69
2025/12/27,包浆豆腐,2
2025/12/30,红糖小糍粑,5
2025/12/27,尽情撸串把把烧套餐（50串）(外卖),3
2025/12/2,黑椒猪颈肉（2串起烤）,58
2025/12/23,香辣鱿鱼须,3
2025/12/27,宜宾把把烧,9
2025/12/27,包浆豆腐,73
2025/12/4,掌中宝（外卖）,8
2025/12/31,升级豆花烤鱼,49
2025/12/27,宜宾把把烧,39
2025/12/4,掌中宝（2串起烤）,30
2025/12/31,手工黑豆花,5
2025/12/19,烤五花肉,15
2025/12/11,青柠气泡,6
2025/12/19,烤五花（外卖）,6
2025/12/1,烤鸡翅,1
2025/12/1,烤鸡翅,3
2025/12/11,青柠气泡,34
2025/12/31,菠萝小油条,14
2025/12/2,经典麻辣豆花,19
2025/12/2,经典麻辣味豆花,16
2025/12/22,藕片,4
2025/12/23,藕片,4
2025/12/25,藕片,4
2025/12/29,藕片,4
2025/12/26,藕片,5
2025/12/27,藕片,5
2025/12/21,藕片,6
2025/12/24,藕片,6
2025/12/28,藕片,6
2025/12/30,藕片,6
2025/12/19,藕片,7
2025/12/31,藕片,7
2025/12/20,藕片,9
2025/12/31,朝日生啤,5
2025/12/23,糍粑红糖冰粉,1
2025/12/31,餐盒费,109
2025/12/16,餐盒费,12
2025/12/8,餐盒费,13
2025/12/18,餐盒费,14
2025/12/15,餐盒费,15
2025/12/1,餐盒费,16
2025/12/2,餐盒费,16
2025/12/29,餐盒费,16
2025/12/3,餐盒费,17
2025/12/17,餐盒费,17
2025/12/22,餐盒费,17
2025/12/23,餐盒费,18
2025/12/24,餐盒费,18
2025/12/11,餐盒费,19
2025/12/4,餐盒费,20
2025/12/10,餐盒费,21
2025/12/9,餐盒费,22
2025/12/30,餐盒费,30
2025/12/12,餐盒费,31
2025/12/19,餐盒费,32
2025/12/25,餐盒费,32
2025/12/26,餐盒费,32
2025/12/5,餐盒费,34
2025/12/6,餐盒费,38
2025/12/28,餐盒费,46
2025/12/20,餐盒费,47
2025/12/21,餐盒费,47
2025/12/27,餐盒费,54
2025/12/7,餐盒费,57
2025/12/13,餐盒费,60
2025/12/14,餐盒费,61
2025/12/24,藕片（外卖）,11
2025/12/20,藕片（外卖）,14
2025/12/21,藕片（外卖）,14
2025/12/19,藕片（外卖）,15
2025/12/26,藕片（外卖）,15
2025/12/25,藕片（外卖）,17
2025/12/30,藕片（外卖）,18
2025/12/29,藕片（外卖）,2
2025/12/28,藕片（外卖）,21
2025/12/27,藕片（外卖）,25
2025/12/31,藕片（外卖）,45
2025/12/23,藕片（外卖）,6
2025/12/22,藕片（外卖）,8
2025/12/8,外送费,104
2025/12/18,外送费,112
2025/12/15,外送费,129
2025/12/4,外送费,133
2025/12/23,外送费,140
2025/12/29,外送费,158
2025/12/22,外送费,164
2025/12/1,外送费,170
2025/12/3,外送费,170
2025/12/17,外送费,172
2025/12/2,外送费,185
2025/12/11,外送费,186
2025/12/9,外送费,191
2025/12/10,外送费,193
2025/12/24,外送费,226
2025/12/30,外送费,265
2025/12/26,外送费,290
2025/12/19,外送费,309
2025/12/12,外送费,329
2025/12/25,外送费,331
2025/12/5,外送费,373
2025/12/6,外送费,388
2025/12/20,外送费,416
2025/12/21,外送费,472
2025/12/28,外送费,473
2025/12/13,外送费,505
2025/12/7,外送费,541
2025/12/14,外送费,561
2025/12/27,外送费,575
2025/12/16,外送费,82
2025/12/31,外送费,875
2025/12/2,打包费,1
2025/12/20,打包费,1
2025/12/21,打包费,1
2025/12/23,打包费,1
2025/12/25,打包费,1
2025/12/26,打包费,1
2025/12/31,打包费,1
2025/12/4,打包费,2
2025/12/1,餐盒,1
2025/12/16,餐盒,1
2025/12/29,餐盒,1
2025/12/31,餐盒,14
2025/12/6,餐盒,2
2025/12/8,餐盒,2
2025/12/27,餐盒,2
2025/12/5,餐盒,3
2025/12/14,餐盒,3
2025/12/11,餐盒,4
2025/12/5,手机支架,1
2025/12/11,手机支架,1
2025/12/12,手机支架,1
2025/12/13,手机支架,1
2025/12/17,手机支架,1
2025/12/18,手机支架,1
2025/12/23,手机支架,1
2025/12/24,手机支架,1
2025/12/28,手机支架,1
2025/12/30,手机支架,1
2025/12/6,手机支架,2
2025/12/14,手机支架,2
2025/12/15,手机支架,2
2025/12/19,手机支架,2
2025/12/25,手机支架,2
2025/12/4,手机支架,3
2025/12/20,手机支架,3
2025/12/26,手机支架,3
2025/12/27,手机支架,5
2025/12/31,手机支架,5
2025/12/1,生日大礼包,1
2025/12/3,生日大礼包,1
2025/12/8,生日大礼包,1
2025/12/12,生日大礼包,1
2025/12/17,生日大礼包,1
2025/12/24,生日大礼包,1
2025/12/30,生日大礼包,1
2025/12/2,生日大礼包,2
2025/12/9,生日大礼包,2
2025/12/11,生日大礼包,2
2025/12/13,生日大礼包,2
2025/12/20,生日大礼包,2
2025/12/28,生日大礼包,2
2025/12/29,生日大礼包,2
2025/12/16,生日大礼包,3
2025/12/19,生日大礼包,3
2025/12/22,生日大礼包,3
2025/12/27,生日大礼包,3
2025/12/4,生日大礼包,4
2025/12/5,生日大礼包,4
2025/12/6,生日大礼包,4
2025/12/7,生日大礼包,4
2025/12/14,生日大礼包,4
2025/12/26,生日大礼包,4
2025/12/31,生日大礼包,4
2025/12/25,生日大礼包,5
2025/12/23,生日大礼包,7
2025/12/2,生日大礼包,16
2025/12/9,生日大礼包,16
2025/12/11,生日大礼包,17
2025/12/1,生日大礼包,18
2025/12/5,生日大礼包,19
2025/12/17,生日大礼包,19
2025/12/12,生日大礼包,20
2025/12/29,生日大礼包,20
2025/12/8,生日大礼包,22
2025/12/10,生日大礼包,22
2025/12/23,生日大礼包,23
2025/12/4,生日大礼包,24
2025/12/22,生日大礼包,24
2025/12/18,生日大礼包,25
2025/12/24,生日大礼包,25
2025/12/26,生日大礼包,25
2025/12/3,生日大礼包,26
2025/12/15,生日大礼包,26
2025/12/19,生日大礼包,26
2025/12/25,生日大礼包,27
2025/12/16,生日大礼包,28
2025/12/7,生日大礼包,29
2025/12/30,生日大礼包,35
2025/12/31,生日大礼包,37
2025/12/28,生日大礼包,38
2025/12/21,生日大礼包,40
2025/12/27,生日大礼包,40
2025/12/6,生日大礼包,45
2025/12/14,生日大礼包,49
2025/12/20,生日大礼包,49
2025/12/13,生日大礼包,50
2025/12/1,生日大礼包,1
2025/12/11,生日大礼包,1
2025/12/12,生日大礼包,1
2025/12/14,生日大礼包,1
2025/12/15,生日大礼包,1
2025/12/16,生日大礼包,1
2025/12/17,生日大礼包,1
2025/12/22,生日大礼包,1
2025/12/23,生日大礼包,1
2025/12/29,生日大礼包,1
2025/12/3,生日大礼包,2
2025/12/6,生日大礼包,2
2025/12/27,生日大礼包,2
2025/12/28,生日大礼包,2
2025/12/2,生日大礼包,3
2025/12/18,生日大礼包,3
2025/12/21,生日大礼包,3
2025/12/31,生日大礼包,3
2025/12/5,生日大礼包,4
2025/12/9,生日大礼包,4
2025/12/24,生日大礼包,4
2025/12/25,生日大礼包,4
2025/12/7,生日大礼包,5
2025/12/13,生日大礼包,5
2025/12/26,生日大礼包,5
2025/12/20,生日大礼包,6
2025/12/9,生日大礼包,1
2025/12/31,生日大礼包,11
2025/12/28,生日大礼包,12
2025/12/13,生日大礼包,13
2025/12/14,生日大礼包,14
2025/12/20,生日大礼包,14
2025/12/6,生日大礼包,15
2025/12/27,生日大礼包,17
2025/12/7,生日大礼包,19
2025/12/1,生日大礼包,2
2025/12/2,生日大礼包,2
2025/12/8,生日大礼包,2
2025/12/11,生日大礼包,2
2025/12/15,生日大礼包,2
2025/12/16,生日大礼包,2
2025/12/4,生日大礼包,3
2025/12/10,生日大礼包,3
2025/12/12,生日大礼包,3
2025/12/17,生日大礼包,3
2025/12/22,生日大礼包,3
2025/12/23,生日大礼包,3
2025/12/24,生日大礼包,3
2025/12/3,生日大礼包,4
2025/12/18,生日大礼包,4
2025/12/25,生日大礼包,4
2025/12/29,生日大礼包,5
2025/12/26,生日大礼包,6
2025/12/30,生日大礼包,6
2025/12/5,生日大礼包,8
2025/12/21,生日大礼包,8
2025/12/19,生日大礼包,9
2025/12/31,餐盒费,1
2025/12/19,藕片,11
2025/12/29,藕片,11
2025/12/31,藕片,14
2025/12/25,藕片,15
2025/12/21,藕片,17
2025/12/24,藕片,17
2025/12/27,藕片,19
2025/12/20,藕片,24
2025/12/28,藕片,24
2025/12/22,藕片,4
2025/12/30,藕片,5
2025/12/23,藕片,6
2025/12/26,藕片,9
2025/12/11,纸巾（外卖）,1
2025/12/24,纸巾（外卖）,2
2025/12/27,纸巾（外卖）,2
2025/12/15,纸巾（外卖）,3
2025/12/7,纸巾（外卖）,4
2025/12/31,纸巾（外卖）,6
2025/12/1,筷子,1
2025/12/15,筷子,1
2025/12/16,筷子,1
2025/12/19,筷子,1
2025/12/30,筷子,1
2025/12/6,筷子,14
2025/12/31,筷子,15
2025/12/8,筷子,2
2025/12/20,筷子,2
2025/12/27,筷子,2
2025/12/4,筷子,3
2025/12/7,筷子,3
2025/12/10,筷子,4
2025/12/21,筷子,4
2025/12/26,筷子,4
2025/12/28,筷子,4
2025/12/11,筷子,5
2025/12/5,筷子,8
2025/12/14,筷子,9
2025/12/10,宜宾把把烧,3
2025/12/10,宜宾把把烧,11
2025/12/10,尽情撸串把把烧套餐（50串）(外卖),2
2025/12/2,麻辣豆花烤鱼（外卖）,16
2025/12/21,娃娃菜,1
2025/12/11,烤羊肉串（2串起烤）,54
2025/12/7,烤羊肉串（2串起烤）,104
2025/12/21,娃娃菜,7
2025/12/21,娃娃菜（外卖）,1
2025/12/2,香辣花甲,1
2025/12/22,掌中宝（2串起烤）,6
2025/12/31,手工黑豆花（外卖）,3
2025/12/22,掌中宝（外卖）,8
2025/12/27,芝士烤红薯,65
2025/12/28,掌中宝（2串起烤）,32
2025/12/5,包浆豆腐,15
2025/12/28,掌中宝（外卖）,19
2025/12/2,小份麻辣味烤鱼（黑豆花）,4
2025/12/5,包浆豆腐,50
2025/12/19,营养儿童餐,5
2025/12/2,经典麻辣味豆花,5
2025/12/1,烤五花（外卖）,10
2025/12/5,烤五花（外卖）,13
2025/12/5,烤五花肉,13
2025/12/7,掌中宝（2串起烤）,65
2025/12/13,红糖小糍粑,14
2025/12/12,红糖小糍粑,9
2025/12/2,经典麻辣豆花,9
2025/12/7,掌中宝（外卖）,22
2025/12/19,营养儿童餐,5
2025/12/1,烤五花肉,5
2025/12/3,土豆片,25
2025/12/6,土豆片,41
2025/12/3,土豆片（外卖）,21
2025/12/3,土豆片,14
2025/12/2,香辣鱿鱼须,1
2025/12/22,手工黑豆花,2
2025/12/17,烤鱿鱼须（外卖）,4
2025/12/29,老坛酸菜,1
2025/12/6,土豆片（外卖）,35
2025/12/17,烤鱿鱼须(2串起烤),26
2025/12/6,土豆片,39
2025/12/7,卤肥肠,1
2025/12/18,蒜香排骨,21
2025/12/17,蒜香排骨,30
2025/12/15,蒜香排骨,39
2025/12/29,酸菜豆花烤鱼（外卖）,1
2025/12/29,大红灯笼泡椒味,6
2025/12/16,蒜香排骨,31
2025/12/29,大红灯笼泡椒味豆花,3
2025/12/1,青笋条,18
2025/12/10,手工黑豆花（外卖）,1
2025/12/1,青笋,6
2025/12/18,手工黑豆花（外卖）,3
2025/12/1,青笋（外卖）,12
2025/12/19,蒜香排骨,42
2025/12/30,手工黑豆花,2
2025/12/12,手工黑豆花,1
2025/12/12,手工黑豆花（外卖）,1
2025/12/7,手工黑豆花（外卖）,5
2025/12/20,手工黑豆花,2
2025/12/30,蒜香排骨,30
2025/12/24,手工黑豆花,2
2025/12/13,手工黑豆花,5
2025/12/23,大红灯笼泡椒味,2
2025/12/5,手工黑豆花,4
2025/12/16,手工黑豆花（外卖）,1
2025/12/5,手工黑豆花（外卖）,3
2025/12/28,米饭（外卖）,34
2025/12/13,娃娃菜,2
2025/12/20,蒜香排骨,64
2025/12/25,手工黑豆花,3
2025/12/25,蒜香排骨,51
2025/12/1,手工黑豆花,2
2025/12/27,手工黑豆花,3
2025/12/11,手工黑豆花,4
2025/12/13,手工黑豆花（外卖）,3
2025/12/21,手工黑豆花（外卖）,2
2025/12/24,手工黑豆花（外卖）,1
2025/12/20,手工黑豆花（外卖）,3
2025/12/23,蒜香排骨,33
2025/12/3,手工黑豆花,3
2025/12/23,翡翠青椒,1
2025/12/4,手工黑豆花,1
2025/12/28,手工黑豆花,2
2025/12/26,蒜香排骨,36
2025/12/8,手工黑豆花（外卖）,1
2025/12/24,蒜香排骨,39
2025/12/29,蒜香排骨,22
2025/12/14,手工黑豆花,3
2025/12/8,手工黑豆花,1
2025/12/27,手工黑豆花（外卖）,1
2025/12/6,青柠气泡,86
2025/12/13,娃娃菜,12
2025/12/18,手工黑豆花,4
2025/12/22,蒜香排骨,35
2025/12/26,手工黑豆花,2
2025/12/29,经典麻辣味豆花,16
2025/12/6,手工黑豆花（外卖）,2
2025/12/4,手打柠檬-花傲天同款,3
2025/12/2,青柠气泡,4
2025/12/11,手工黑豆花（外卖）,1
2025/12/28,蒜香排骨,52
2025/12/25,烤鱿鱼须(2串起烤),6
2025/12/14,手工黑豆花（外卖）,1
2025/12/23,手工黑豆花（外卖）,1
2025/12/13,香辣鱿鱼须,4
2025/12/19,手工黑豆花,3
2025/12/23,经典麻辣豆花,6
2025/12/16,红糖小糍粑,8
2025/12/2,青柠气泡,28
2025/12/17,手工黑豆花（外卖）,1
2025/12/23,手工黑豆花,1
2025/12/2,手工黑豆花（外卖）,1
2025/12/21,手工黑豆花,2
2025/12/28,手工黑豆花（外卖）,3
2025/12/22,手打柠檬-花傲天同款,5
2025/12/27,蒜香排骨,53
2025/12/19,手工黑豆花（外卖）,3
2025/12/29,手工黑豆花（外卖）,2
2025/12/2,手工黑豆花,1
2025/12/29,经典麻辣豆花,22
2025/12/4,卤肥肠,1
2025/12/11,乡村酥肉,26
2025/12/29,青椒豆花烤鱼（外卖）,3
2025/12/31,卤味豆干,4
2025/12/15,手工黑豆花（外卖）,3
2025/12/9,手工黑豆花（外卖）,3
2025/12/2,手打柠檬,1
2025/12/29,麻辣豆花烤鱼（外卖）,8
2025/12/1,烤生蚝,5
2025/12/31,蒜香排骨,50
2025/12/6,青柠气泡,6
2025/12/13,土豆片,38
2025/12/15,手工黑豆花,2
2025/12/2,手打柠檬,6
2025/12/4,手打柠檬,11
2025/12/2,手打柠檬-花傲天同款,3
2025/12/7,香辣鱿鱼须,3
2025/12/11,烤鱿鱼须(2串起烤),20
2025/12/26,烤鱿鱼须(2串起烤),27
2025/12/6,手打柠檬-花傲天同款,6
2025/12/2,土豆片,11
2025/12/29,手工黑豆花,3
2025/12/21,青笋+藕片（素菜搭配B）,1
2025/12/14,土豆片,51
2025/12/29,蒜香味,4
2025/12/15,烤鱿鱼须(2串起烤),11
2025/12/31,经典麻辣豆花,12
2025/12/15,土豆片,23
2025/12/7,土豆片,38
2025/12/11,乡村酥肉（外卖）,2
2025/12/7,手工黑豆花,4
2025/12/18,土豆片,10
2025/12/31,卤味豆干,5
2025/12/29,蒜香味豆花,1
2025/12/1,麻辣烤鱼最佳搭配（卤味豆干+青笋条+土豆片）,6
2025/12/21,烤鱿鱼须(2串起烤),24
2025/12/10,手打柠檬-花傲天同款,9
2025/12/13,烤鱿鱼须(2串起烤),25
2025/12/8,土豆片,14
2025/12/11,土豆片,25
2025/12/4,土豆片,26
2025/12/27,青笋+藕片（素菜搭配B）,4
2025/12/29,烤鱿鱼须(2串起烤),2
2025/12/15,手打柠檬,3
2025/12/30,青笋+藕片（素菜搭配B）,2
2025/12/29,翡翠青椒豆花,1
2025/12/20,烤鱿鱼须（外卖）,4
2025/12/14,土豆片,36
2025/12/31,卤味豆干（外卖）,13
2025/12/5,土豆片,31
2025/12/20,土豆片,47
2025/12/1,土豆片,19
2025/12/16,土豆片,28
2025/12/1,麻辣烤鱼灵魂搭配（卤豆干+青笋条+土豆片）,6
2025/12/12,土豆片,24
2025/12/17,土豆片,26
2025/12/10,土豆片,9
2025/12/13,土豆片,22
2025/12/25,小份酸菜味烤鱼（黑豆花）,4
2025/12/19,土豆片,33
2025/12/29,翡翠青椒,4
2025/12/28,米饭,64
2025/12/9,手打柠檬,3
2025/12/15,土豆片,12
2025/12/13,手打柠檬-花傲天同款,11
2025/12/12,手打柠檬-花傲天同款,3
2025/12/6,手工黑豆花,6
2025/12/5,土豆片,27
2025/12/26,手打柠檬-花傲天同款,12
2025/12/9,手打柠檬-花傲天同款,7
2025/12/16,手打柠檬-花傲天同款,2
2025/12/15,手打柠檬-花傲天同款,4
2025/12/23,手打柠檬-花傲天同款,6
2025/12/10,土豆片,26
2025/12/15,土豆片（外卖）,14
2025/12/4,土豆片（外卖）,7
2025/12/15,手打柠檬,4
2025/12/11,手打柠檬-花傲天同款,1
2025/12/20,烤鱿鱼须(2串起烤),35
2025/12/11,手打柠檬,1
2025/12/1,土豆片,25
2025/12/6,手打柠檬,16
2025/12/16,手打柠檬,10
2025/12/16,烤鱿鱼须(2串起烤),19
2025/12/18,土豆片（外卖）,11
2025/12/9,土豆片,25
2025/12/7,土豆片,48
2025/12/3,手打柠檬,3
2025/12/23,手打柠檬,5
2025/12/2,土豆片,17
2025/12/25,手打柠檬-花傲天同款,7
2025/12/20,手打柠檬-花傲天同款,11
2025/12/28,手打柠檬-花傲天同款,4
2025/12/18,手打柠檬-花傲天同款,5
2025/12/21,手打柠檬-花傲天同款,6
2025/12/17,手打柠檬-花傲天同款,6
2025/12/24,手打柠檬-花傲天同款,6
2025/12/10,土豆片（外卖）,15
2025/12/16,土豆片,20
2025/12/29,手打柠檬-花傲天同款,6
2025/12/21,烤鱿鱼须（外卖）,4
2025/12/17,土豆片,23
2025/12/18,土豆片,30
2025/12/17,土豆片（外卖）,14
2025/12/12,土豆片,18
2025/12/11,土豆片（外卖）,17
2025/12/22,手打柠檬,5
2025/12/28,手打柠檬,8
2025/12/14,手打柠檬-花傲天同款,10
2025/12/8,土豆片,24
2025/12/14,土豆片（外卖）,50
2025/12/29,银针菇,5
2025/12/9,小份酸菜味烤鱼（黑豆花）,1
2025/12/17,手工黑豆花,3
2025/12/7,土豆片（外卖）,47
2025/12/5,土豆片（外卖）,40
2025/12/12,烤鱿鱼须(2串起烤),23
2025/12/1,手打柠檬-花傲天同款,3
2025/12/8,手打柠檬-花傲天同款,4
2025/12/11,烤鱿鱼须（外卖）,4
2025/12/20,土豆片,22
2025/12/12,土豆片（外卖）,30
2025/12/7,卤味豆干,1
2025/12/13,卤味豆干,2
2025/12/15,卤味豆干,2
2025/12/25,卤味豆干,3
2025/12/2,卤味豆干,3
2025/12/16,土豆片（外卖）,7
2025/12/21,土豆片,30
2025/12/27,手打柠檬-花傲天同款,3
2025/12/28,青柠气泡,82
2025/12/8,卤味豆干,1
2025/12/9,土豆片（外卖）,18
2025/12/29,手打柠檬,9
2025/12/14,手打柠檬,19
2025/12/27,土豆片,30
2025/12/11,土豆片,19
2025/12/19,土豆片（外卖）,29
2025/12/30,土豆片,19
2025/12/8,土豆片（外卖）,10
2025/12/13,手打柠檬,16
2025/12/24,手打柠檬,21
2025/12/11,手打柠檬,8
2025/12/29,土豆片,21
2025/12/15,烤鱿鱼须（外卖）,4
2025/12/23,土豆片,18
2025/12/7,香辣鱿鱼须（外卖）,1
2025/12/29,蒜香豆花黔鱼（外卖）,4
2025/12/1,土豆片（外卖）,15
2025/12/25,烤鱿鱼须（外卖）,4
2025/12/17,手打柠檬,7
2025/12/18,手打柠檬,14
2025/12/8,手打柠檬,15
2025/12/13,土豆片（外卖）,49
2025/12/4,卤味豆干,1
2025/12/1,卤味豆干,5
2025/12/20,手打柠檬,20
2025/12/24,卤味豆干,5
2025/12/23,青柠气泡,8
2025/12/4,土豆片,17
2025/12/7,手打柠檬-花傲天同款,7
2025/12/24,土豆片,19
2025/12/19,土豆片,21
2025/12/28,土豆片,40
2025/12/25,土豆片,22
2025/12/22,升级豆花烤鱼,13
2025/12/21,卤味豆干,2
2025/12/24,土豆片,28
2025/12/1,手打柠檬,2
2025/12/8,卤味豆干,6
2025/12/27,土豆片,37
2025/12/30,银针菇,4
2025/12/2,土豆片（外卖）,13
2025/12/27,手打柠檬,13
2025/12/18,烤鱿鱼须(2串起烤),10
2025/12/9,土豆片,14
2025/12/21,手打柠檬,15
2025/12/20,土豆片（外卖）,38
2025/12/19,卤味豆干,3
2025/12/28,土豆片,33
2025/12/26,土豆片,39
2025/12/25,卤味豆干,6
2025/12/13,卤味豆干,10
2025/12/29,卤味豆干,3
2025/12/31,蒜香味,4
2025/12/15,卤味豆干,7
2025/12/30,升级豆花烤鱼,26
2025/12/28,银针菇,9
2025/12/14,卤味豆干,6
2025/12/21,土豆片,34
2025/12/19,青笋+藕片（素菜搭配B）,3
2025/12/18,烤鱿鱼须（外卖）,5
2025/12/3,麻辣烤鱼灵魂搭配（卤豆干+青笋条+土豆片）,2
2025/12/29,卤味豆干,2
2025/12/30,土豆片,36
2025/12/13,酸菜豆花烤鱼（外卖）,5
2025/12/6,卤味豆干,8
2025/12/23,卤味豆干,4
2025/12/10,卤味豆干,3
2025/12/9,手工黑豆花,4
2025/12/30,卤味豆干,9
2025/12/25,土豆片,39
2025/12/25,手打柠檬,12
2025/12/28,烤羊肉串（2串起烤）,101
2025/12/16,烤鱿鱼须（外卖）,4
2025/12/30,银针菇,3
2025/12/30,手打柠檬-花傲天同款,5
2025/12/2,经典麻辣豆花,6
2025/12/3,麻辣烤鱼最佳搭配（卤味豆干+青笋条+土豆片）,19
2025/12/8,醪糟冰汤圆,3
2025/12/13,老坛酸菜豆花,1
2025/12/22,醪糟冰汤圆,2
2025/12/20,卤味豆干,14
2025/12/13,老坛酸菜,8
2025/12/22,土豆片,29
2025/12/28,卤味豆干,4
2025/12/21,卤味豆干,11
2025/12/28,烤鱿鱼须（外卖）,15
2025/12/7,手打柠檬,16
2025/12/27,卤味豆干,15
2025/12/26,醪糟冰汤圆,4
2025/12/15,醪糟冰汤圆,13
2025/12/6,蒜香味豆花,5
2025/12/8,醪糟冰汤圆,2
2025/12/24,升级豆花烤鱼,24
2025/12/7,卤味豆干,13
2025/12/16,卤味豆干,1
2025/12/13,升级豆花烤鱼,46
2025/12/25,卤味豆干（外卖）,1
2025/12/28,土豆片（外卖）,40
2025/12/2,卤味豆干,4
2025/12/15,醪糟冰汤圆,7
2025/12/20,卤味豆干（外卖）,1
2025/12/23,土豆片,31
2025/12/2,醪糟冰汤圆,11
2025/12/15,银针菇,2
2025/12/3,银针菇,2
2025/12/18,银针菇,2
2025/12/30,土豆片（外卖）,26
2025/12/24,烤鱿鱼须(2串起烤),4
2025/12/9,醪糟冰汤圆,2
2025/12/23,青柠气泡,39
2025/12/25,升级豆花烤鱼,23
2025/12/26,手打柠檬,5
2025/12/14,醪糟冰汤圆,17
2025/12/30,卤味豆干,3
2025/12/13,青柠气泡,4
2025/12/10,醪糟冰汤圆,19
2025/12/29,土豆片（外卖）,15
2025/12/31,麻辣味豆花海鲈鱼（外卖）,3
2025/12/21,土豆片（外卖）,47
2025/12/26,升级豆花烤鱼,39
2025/12/28,银针菇,7
2025/12/11,卤味豆干,7
2025/12/29,土豆片,27
2025/12/19,醪糟冰汤圆,9
2025/12/23,醪糟冰汤圆,18
2025/12/21,升级豆花烤鱼,46
2025/12/5,手打柠檬-花傲天同款,2
2025/12/27,土豆片（外卖）,49
2025/12/21,醪糟冰汤圆,21
2025/12/19,手打柠檬,9
2025/12/21,黄金奶香烤面包,17
2025/12/10,升级豆花烤鱼,22
2025/12/23,土豆片（外卖）,14
2025/12/24,醪糟冰汤圆,6
2025/12/4,卤味豆干,8
2025/12/13,醪糟冰汤圆,21
2025/12/12,手打柠檬,3
2025/12/23,醪糟冰汤圆,11
2025/12/6,青椒豆花烤鱼（外卖）,7
2025/12/25,土豆片（外卖）,32
2025/12/20,银针菇,7
2025/12/4,醪糟冰汤圆,15
2025/12/13,醪糟冰汤圆,26
2025/12/17,卤味豆干,3
2025/12/22,土豆片,5
2025/12/19,卤味豆干,4
2025/12/23,卤肥肠,1
2025/12/15,青柠气泡,39
2025/12/3,卤味豆干,3
2025/12/7,升级豆花烤鱼,44
2025/12/20,升级豆花烤鱼,55
2025/12/8,醪糟冰汤圆,11
2025/12/26,烤鱿鱼须（外卖）,8
2025/12/30,手打柠檬,14
2025/12/9,醪糟冰汤圆,4
2025/12/18,升级豆花烤鱼,26
2025/12/22,土豆片（外卖）,13
2025/12/24,土豆片（外卖）,20
2025/12/6,醪糟冰汤圆,12
2025/12/3,醪糟冰汤圆,23
2025/12/23,烤鱿鱼须(2串起烤),11
2025/12/27,升级豆花烤鱼,70
2025/12/26,土豆片（外卖）,27
2025/12/14,银针菇,10
2025/12/22,烤鱿鱼须(2串起烤),9
2025/12/4,麻辣烤鱼肥肠组合（青笋+卤肥肠+土豆片）,2
2025/12/6,酸菜豆花烤鱼（外卖）,2
2025/12/13,青椒豆花烤鱼（外卖）,5
2025/12/5,升级豆花烤鱼,32
2025/12/15,卤味豆干（外卖）,2
2025/12/24,醪糟冰汤圆,21
2025/12/27,黄金奶香烤面包,29
2025/12/23,包浆豆腐,2
2025/12/27,醪糟冰汤圆,20
2025/12/21,青柠气泡,83
2025/12/5,银针菇,10
2025/12/20,黄金奶香烤面包,19
2025/12/29,醪糟冰汤圆,9
2025/12/1,醪糟冰汤圆,7
2025/12/5,卤味豆干,3
2025/12/16,升级豆花烤鱼,19
2025/12/27,烤鱿鱼须(2串起烤),27
2025/12/20,醪糟冰汤圆,20
2025/12/1,升级豆花烤鱼,20
2025/12/6,卤味豆干,6
2025/12/25,醪糟冰汤圆,8
2025/12/21,醪糟冰汤圆,14
2025/12/5,醪糟冰汤圆,9
2025/12/14,醪糟冰汤圆,22
2025/12/6,蒜香味,15
2025/12/27,银针菇,2
2025/12/11,升级豆花烤鱼,27
2025/12/11,醪糟冰汤圆,11
2025/12/16,藕片,1
2025/12/15,藕片,3
2025/12/13,青柠气泡,81
2025/12/29,青柠气泡,2
2025/12/19,醪糟冰汤圆,15
2025/12/4,醪糟冰汤圆,5
2025/12/24,银针菇,7
2025/12/14,黄金奶香烤面包,20
2025/12/31,米酒（半斤）,5
2025/12/25,小份青椒味烤鱼（黑豆花）,1
2025/12/10,醪糟冰汤圆,6
2025/12/17,藕片,2
2025/12/6,醪糟冰汤圆,27
2025/12/16,银针菇,4
2025/12/6,翡翠青椒豆花,6
2025/12/12,卤味豆干（外卖）,2
2025/12/11,银针菇,2
2025/12/1,银针菇,3
2025/12/13,银针菇,3
2025/12/5,卤味豆干,6
2025/12/7,醪糟冰汤圆,26
2025/12/1,青柠气泡,33
2025/12/29,升级豆花烤鱼,25
2025/12/1,醪糟冰汤圆,3
2025/12/4,青柠酸辣,1
2025/12/27,银针菇,14
2025/12/30,醪糟冰汤圆,22
2025/12/6,银针菇,8
2025/12/31,经典麻辣味豆花,28
2025/12/20,青柠气泡,4
2025/12/4,青柠气泡,8
2025/12/21,卤味豆干（外卖）,3
2025/12/14,升级豆花烤鱼,53
2025/12/8,藕片,3
2025/12/15,青柠气泡,1
2025/12/27,醪糟冰汤圆,16
2025/12/7,银针菇,10
2025/12/20,醪糟冰汤圆,40
2025/12/6,卤味豆干（外卖）,4
2025/12/6,蒜香豆花黔鱼（外卖）,7
2025/12/3,升级豆花烤鱼,11
2025/12/26,银针菇,5
2025/12/26,卤味豆干,7
2025/12/2,醪糟冰汤圆,13
2025/12/1,乡村酥肉,16
2025/12/12,醪糟冰汤圆,15
2025/12/19,卤味豆干（外卖）,3
2025/12/28,银针菇（外卖）,1
2025/12/12,银针菇,5
2025/12/3,卤味豆干,3
2025/12/13,翡翠青椒豆花,2
2025/12/17,醪糟冰汤圆,12
2025/12/23,卤味豆干,2
2025/12/7,卤味豆干（外卖）,6
2025/12/25,银针菇,6
2025/12/19,升级豆花烤鱼,26
2025/12/23,银针菇,4
2025/12/4,银针菇,5
2025/12/27,卤味豆干,3
2025/12/6,麻辣烤鱼最佳搭配（卤味豆干+青笋条+土豆片）,16
2025/12/12,升级豆花烤鱼,19
2025/12/25,醪糟冰汤圆,28
2025/12/4,升级豆花烤鱼,19
2025/12/21,银针菇,16
2025/12/30,醪糟冰汤圆,5
2025/12/6,老坛酸菜豆花,3
2025/12/1,卤味豆干（外卖）,1
2025/12/2,藕片,8
2025/12/19,乡村酥肉,26
2025/12/26,土豆片,22
2025/12/18,藕片,6
2025/12/19,银针菇,11
2025/12/25,青柠气泡,44
2025/12/29,银针菇,4
2025/12/28,醪糟冰汤圆,29
2025/12/27,卤味豆干+银针菇（素菜搭配C）,1
2025/12/12,卤味豆干,4
2025/12/10,银针菇,3
2025/12/9,银针菇,9
2025/12/11,宜宾把把烧,18
2025/12/7,醪糟冰汤圆,26
2025/12/30,银针菇（外卖）,1
2025/12/27,卤味豆干（外卖）,7
2025/12/16,卤味豆干,3
2025/12/18,青柠气泡,44
2025/12/28,升级豆花烤鱼,52
2025/12/9,卤味豆干+银针菇（素菜搭配C）,2
2025/12/20,银针菇,3
2025/12/2,升级豆花烤鱼,18
2025/12/3,藕片,6
2025/12/27,烤鱿鱼须（外卖）,8
2025/12/13,黄金奶香烤面包,30
2025/12/6,升级豆花烤鱼,51
2025/12/1,藕片,8
2025/12/18,醪糟冰汤圆,9
2025/12/29,麻辣烤鱼灵魂搭配（卤豆干+青笋条+土豆片）,5
2025/12/25,银针菇,4
2025/12/24,青柠气泡,8
2025/12/31,蒜香味豆花海鲈鱼（外卖）,3
2025/12/24,卤味豆干,3
2025/12/8,卤味豆干+银针菇（素菜搭配C）,1
2025/12/5,手打柠檬,13
2025/12/13,藕片,4
2025/12/4,银针菇（外卖）,1
2025/12/23,烤鱿鱼须（外卖）,4
2025/12/6,老坛酸菜,3
2025/12/10,包浆豆腐,2
2025/12/9,梅子酒（半斤）,1
2025/12/13,梅子酒（半斤）,1
2025/12/4,梅子酒（半斤）,2
2025/12/7,梅子酒（半斤）,2
2025/12/27,梅子酒（半斤）,2
2025/12/1,梅子酒（半斤）,3
2025/12/30,梅子酒（半斤）,4
2025/12/22,醪糟冰汤圆,19
2025/12/17,梅子酒（半斤）,4
2025/12/24,青柠气泡,43
2025/12/22,卤味豆干,4
2025/12/22,梅子酒（半斤）,4
2025/12/13,青柠酸辣豆花,3
2025/12/18,卤味豆干,1
2025/12/6,银针菇,4
2025/12/26,醪糟冰汤圆,26
2025/12/22,烤鱿鱼须（外卖）,8
2025/12/15,卤味豆干+银针菇（素菜搭配C）,2
2025/12/26,麻辣烤鱼灵魂搭配（卤豆干+青笋条+土豆片）,7
2025/12/9,青柠气泡,1
2025/12/11,卤味豆干（外卖）,1
2025/12/3,包浆豆腐,4
2025/12/5,卤味豆干+银针菇（素菜搭配C）,2
2025/12/14,包浆豆腐,5
2025/12/20,青柠气泡,90
2025/12/24,卤味豆干（外卖）,1
2025/12/13,卤味豆干（外卖）,3
2025/12/23,椒麻鸡翅尖,9
2025/12/9,醪糟冰汤圆,7
2025/12/6,麻辣烤鱼灵魂搭配（卤豆干+青笋条+土豆片）,7
2025/12/18,卤味豆干（外卖）,3
2025/12/12,卤味豆干+银针菇（素菜搭配C）,2
2025/12/17,烤生蚝,15
2025/12/17,醪糟冰汤圆,6
2025/12/28,卤味豆干（外卖）,7
2025/12/23,梅子酒（半斤）,7
2025/12/16,梅子酒（半斤）,1
2025/12/1,藕片,3
2025/12/26,醪糟冰汤圆,19
2025/12/13,卤味豆干+银针菇（素菜搭配C）,1
2025/12/3,卤味豆干（外卖）,1
2025/12/14,卤味豆干（外卖）,3
2025/12/10,梅子酒（半斤）,4
2025/12/8,麻辣烤鱼灵魂搭配（卤豆干+青笋条+土豆片）,2
2025/12/7,卤味豆干+银针菇（素菜搭配C）,1
2025/12/10,包浆豆腐,1
2025/12/29,青柠气泡,42
2025/12/24,梅子酒（半斤）,3
2025/12/20,娃娃菜,2
2025/12/20,麻辣烤鱼最佳搭配（卤味豆干+青笋条+土豆片）,12
2025/12/4,麻辣烤鱼灵魂搭配（卤豆干+青笋条+土豆片）,3
2025/12/31,老坛酸菜,1
2025/12/9,小份麻辣味烤鱼（黑豆花）,10
2025/12/3,醪糟冰汤圆,9
2025/12/16,包浆豆腐,2
2025/12/16,藕片,9
2025/12/5,银针菇,6
2025/12/30,卤味豆干（外卖）,2
2025/12/20,卤味豆干+银针菇（素菜搭配C）,1
2025/12/10,包浆豆腐,14
2025/12/19,乡村酥肉（外卖）,1
2025/12/20,包浆豆腐,1
2025/12/10,凤梨烤牛肉,12
2025/12/5,蒜香排骨,32
2025/12/9,藕片,8
2025/12/23,包浆豆腐,36
2025/12/8,梅子酒（半斤）,4
2025/12/5,醪糟冰汤圆,10
2025/12/25,小份麻辣味烤鱼（黑豆花）,8
2025/12/5,卤味豆干（外卖）,2
2025/12/23,娃娃菜,2
2025/12/8,升级豆花烤鱼,21
2025/12/11,银针菇,4
2025/12/16,卤味豆干（外卖）,1
2025/12/8,银针菇,3
2025/12/25,麻辣烤鱼最佳搭配（卤味豆干+青笋条+土豆片）,9
2025/12/22,娃娃菜,1
2025/12/28,青柠气泡,5
2025/12/13,经典麻辣味豆花,28
2025/12/21,卤味豆干+银针菇（素菜搭配C）,2
2025/12/10,藕片,2
2025/12/18,包浆豆腐,2
2025/12/4,卤味豆干+银针菇（素菜搭配C）,1
2025/12/28,醪糟冰汤圆,22
2025/12/24,麻辣烤鱼最佳搭配（卤味豆干+青笋条+土豆片）,12
2025/12/23,麻辣烤鱼最佳搭配（卤味豆干+青笋条+土豆片）,9
2025/12/13,大红灯笼泡椒味豆花,1
2025/12/8,卤味豆干（外卖）,1
2025/12/18,藕片,4
2025/12/30,麻辣烤鱼最佳搭配（卤味豆干+青笋条+土豆片）,23
2025/12/29,包浆豆腐,3
2025/12/6,经典麻辣味豆花,28
2025/12/14,麻辣烤鱼最佳搭配（卤味豆干+青笋条+土豆片）,7
2025/12/22,匠匠家的面,5
2025/12/22,麻辣烤鱼最佳搭配（卤味豆干+青笋条+土豆片）,14
2025/12/10,手打柠檬,4
2025/12/11,麻辣烤鱼灵魂搭配（卤豆干+青笋条+土豆片）,4
2025/12/21,匠匠家的面,24
2025/12/29,麻辣烤鱼最佳搭配（卤味豆干+青笋条+土豆片）,14
2025/12/29,卤味豆干（外卖）,1
2025/12/12,梅子酒（半斤）,3
2025/12/31,经典麻辣豆花,23
2025/12/11,藕片,11
2025/12/4,匠匠家的面,10
2025/12/21,酸辣毛豆,1
2025/12/3,包浆豆腐,1
2025/12/27,青柠气泡,101
2025/12/26,麻辣烤鱼最佳搭配（卤味豆干+青笋条+土豆片）,20
2025/12/9,卤味豆干,5
2025/12/6,银针菇（外卖）,1
2025/12/16,醪糟冰汤圆,15
2025/12/7,藕片,17
2025/12/31,蒜香味豆花,5
2025/12/9,青柠气泡,26
2025/12/18,银针菇,3
2025/12/9,烤生蚝,8
2025/12/15,包浆豆腐,2
2025/12/12,银针菇（外卖）,1
2025/12/21,麻辣烤鱼最佳搭配（卤味豆干+青笋条+土豆片）,16
2025/12/28,麻辣烤鱼最佳搭配（卤味豆干+青笋条+土豆片）,9
2025/12/30,匠匠家的面,15
2025/12/6,酸辣毛豆,1
2025/12/9,酸辣毛豆,1
2025/12/5,麻辣烤鱼灵魂搭配（卤豆干+青笋条+土豆片）,5
2025/12/8,匠匠家的面,12
2025/12/15,银针菇（外卖）,3
2025/12/29,小份酸菜味烤鱼（黑豆花）,1
2025/12/7,银针菇（外卖）,2
2025/12/1,卤味豆干,3
2025/12/2,梅子酒（半斤）,3
2025/12/14,卤味豆干,5
2025/12/22,卤味豆干（外卖）,1
2025/12/4,青柠气泡,34
2025/12/24,麻辣烤鱼灵魂搭配（卤豆干+青笋条+土豆片）,3
2025/12/12,藕片,11
2025/12/5,烤生蚝,15
2025/12/4,银针菇,3
2025/12/2,麻辣烤鱼最佳搭配（卤味豆干+青笋条+土豆片）,16
2025/12/14,青柠气泡,82
2025/12/14,卤味豆干+银针菇（素菜搭配C）,1
2025/12/13,银针菇,11
2025/12/10,酸辣毛豆,1
2025/12/14,银针菇（外卖）,5
2025/12/9,麻辣烤鱼最佳搭配（卤味豆干+青笋条+土豆片）,14
2025/12/23,包浆豆腐,11
2025/12/18,梅子酒（半斤）,3
2025/12/30,麻辣烤鱼灵魂搭配（卤豆干+青笋条+土豆片）,5
2025/12/19,麻辣烤鱼灵魂搭配（卤豆干+青笋条+土豆片）,5
2025/12/20,匠匠家的面,28
2025/12/21,银针菇,2
2025/12/23,麻辣烤鱼肥肠组合（青笋+卤肥肠+土豆片）,4
2025/12/11,酸辣毛豆,1
2025/12/11,酸辣毛豆,1
2025/12/18,酸辣毛豆,1
2025/12/27,麻辣烤鱼灵魂搭配（卤豆干+青笋条+土豆片）,14
2025/12/4,翡翠青椒,1
2025/12/20,梅子酒（半斤）,8
2025/12/21,麻辣烤鱼灵魂搭配（卤豆干+青笋条+土豆片）,14
2025/12/8,藕片,9
2025/12/19,娃娃菜,6
2025/12/4,藕片,16
2025/12/19,酸辣毛豆,2
2025/12/2,卤味豆干+银针菇（素菜搭配C）,1
2025/12/25,麻辣烤鱼灵魂搭配（卤豆干+青笋条+土豆片）,5
2025/12/7,酸辣毛豆,1
2025/12/8,酸辣毛豆,1
2025/12/17,升级豆花烤鱼,23
2025/12/10,麻辣烤鱼灵魂搭配（卤豆干+青笋条+土豆片）,6
2025/12/6,梅子酒（半斤）,5
2025/12/25,卤味豆干+银针菇（素菜搭配C）,1
2025/12/25,青柠气泡,7
2025/12/1,银针菇,3
2025/12/13,麻辣烤鱼灵魂搭配（卤豆干+青笋条+土豆片）,3
2025/12/28,麻辣烤鱼灵魂搭配（卤豆干+青笋条+土豆片）,9
2025/12/2,匠匠家的面,6
2025/12/29,梅子酒（半斤）,6
2025/12/7,藕片（外卖）,21
2025/12/6,藕片,6
2025/12/5,麻辣烤鱼最佳搭配（卤味豆干+青笋条+土豆片）,12
2025/12/27,麻辣烤鱼最佳搭配（卤味豆干+青笋条+土豆片）,20
2025/12/23,酸辣毛豆,1
2025/12/12,麻辣烤鱼最佳搭配（卤味豆干+青笋条+土豆片）,9
2025/12/23,卤味豆干+银针菇（素菜搭配C）,1
2025/12/11,宜宾把把烧,5
2025/12/11,麻辣烤鱼最佳搭配（卤味豆干+青笋条+土豆片）,18
2025/12/23,升级豆花烤鱼,19
2025/12/29,醪糟冰汤圆,15
2025/12/3,包浆豆腐,7
2025/12/16,麻辣烤鱼最佳搭配（卤味豆干+青笋条+土豆片）,10
2025/12/15,匠匠家的面,10
2025/12/23,椒麻鸡翅尖（外卖，份）,1
2025/12/16,醪糟冰汤圆,16
2025/12/28,酸辣毛豆,1
2025/12/13,麻辣烤鱼最佳搭配（卤味豆干+青笋条+土豆片）,13
2025/12/13,包浆豆腐,6
2025/12/15,藕片（外卖）,6
2025/12/11,藕片（外卖）,7
2025/12/19,麻辣烤鱼最佳搭配（卤味豆干+青笋条+土豆片）,16
2025/12/14,匠匠家的面,29
2025/12/3,藕片（外卖）,8
2025/12/17,麻辣烤鱼最佳搭配（卤味豆干+青笋条+土豆片）,6
2025/12/17,银针菇,4
2025/12/17,藕片（外卖）,5
2025/12/18,匠匠家的面,11
2025/12/11,菠萝小油条,9
2025/12/19,烤鱿鱼须(2串起烤),18
2025/12/25,匠匠家的面,17
2025/12/24,娃娃菜,6
2025/12/15,银针菇,2
2025/12/14,藕片,19
2025/12/10,黄金奶香烤面包,7
2025/12/18,藕片（外卖）,7
2025/12/4,麻辣烤鱼最佳搭配（卤味豆干+青笋条+土豆片）,18
2025/12/8,烤鸡翅,1
2025/12/29,匠匠家的面,8
2025/12/20,银针菇（外卖）,3
2025/12/15,包浆豆腐,15
2025/12/27,银针菇（外卖）,4
2025/12/12,麻辣烤鱼灵魂搭配（卤豆干+青笋条+土豆片）,4
2025/12/9,藕片（外卖）,7
2025/12/15,麻辣烤鱼最佳搭配（卤味豆干+青笋条+土豆片）,11
2025/12/6,藕片（外卖）,10
2025/12/11,梅子酒（半斤）,3
2025/12/20,娃娃菜,6
2025/12/5,梅子酒（半斤）,2
2025/12/18,醪糟冰汤圆,9
2025/12/13,蒜香味豆花,11
2025/12/1,藕片（外卖）,4
2025/12/12,青柠气泡,4
2025/12/19,卤味豆干+银针菇（素菜搭配C）,1
2025/12/15,升级豆花烤鱼,22
2025/12/19,娃娃菜,7
2025/12/13,包浆豆腐,23
2025/12/8,藕片（外卖）,5
2025/12/18,麻辣烤鱼最佳搭配（卤味豆干+青笋条+土豆片）,16
2025/12/2,银针菇,3
2025/12/2,藕片,2
2025/12/14,藕片（外卖）,27
2025/12/14,包浆豆腐,26
2025/12/21,银针菇（外卖）,2
2025/12/23,包浆豆腐,1
2025/12/9,银针菇,3
2025/12/11,醪糟冰汤圆,15
2025/12/17,藕片,11
2025/12/13,青柠酸辣,3
2025/12/8,麻辣烤鱼最佳搭配（卤味豆干+青笋条+土豆片）,10
2025/12/10,麻辣烤鱼最佳搭配（卤味豆干+青笋条+土豆片）,13
2025/12/17,银针菇,6
2025/12/13,藕片（外卖）,29
2025/12/10,藕片（外卖）,8
2025/12/26,青柠气泡,6
2025/12/16,银针菇（外卖）,1
2025/12/3,包浆豆腐,36
2025/12/21,梅子酒（半斤）,2
2025/12/25,酸辣毛豆,4
2025/12/26,烤生蚝,11
2025/12/17,酸辣毛豆,3
2025/12/18,包浆豆腐,1
2025/12/7,麻辣烤鱼最佳搭配（卤味豆干+青笋条+土豆片）,13
2025/12/14,烤脑花,8
2025/12/12,醪糟冰汤圆,17
2025/12/29,黄金奶香烤面包,9
2025/12/4,藕片（外卖）,8
2025/12/13,烤生蚝,7
2025/12/29,酸辣毛豆,1
2025/12/26,银针菇,11
2025/12/11,卤味豆干,4
2025/12/24,包浆豆腐,15
2025/12/5,藕片（外卖）,20
2025/12/3,梅子酒（半斤）,4
2025/12/21,匠匠家的面,37
2025/12/17,银针菇（外卖）,1
2025/12/14,麻辣烤鱼灵魂搭配（卤豆干+青笋条+土豆片）,8
2025/12/13,翡翠青椒,9
2025/12/21,包浆豆腐,19
2025/12/24,银针菇,6
2025/12/14,银针菇,4
2025/12/12,藕片（外卖）,17
2025/12/6,大红灯笼味豆花黔鱼（外卖）,2
2025/12/15,藕片,7
2025/12/23,娃娃菜,8
2025/12/29,包浆豆腐,21
2025/12/7,麻辣烤鱼灵魂搭配（卤豆干+青笋条+土豆片）,10
2025/12/15,麻辣烤鱼灵魂搭配（卤豆干+青笋条+土豆片）,6
2025/12/23,麻辣烤鱼灵魂搭配（卤豆干+青笋条+土豆片）,4
2025/12/19,烤鱿鱼须（外卖）,4
2025/12/27,匠匠家的面,38
2025/12/10,烤脑花,4
2025/12/6,包浆豆腐,1
2025/12/16,烤生蚝,6
2025/12/21,包浆豆腐,1
2025/12/26,青柠气泡,50
2025/12/15,匠匠家的面,7
2025/12/5,藕片,13
2025/12/11,匠匠家的面,12
2025/12/1,银针菇（外卖）,1
2025/12/27,匠匠家的面,35
2025/12/2,藕片（外卖）,9
2025/12/26,匠匠家的面,14
2025/12/20,麻辣烤鱼灵魂搭配（卤豆干+青笋条+土豆片）,10
2025/12/11,烤生蚝,3
2025/12/9,升级豆花烤鱼,22
2025/12/19,匠匠家的面,21
2025/12/6,藕片,18
2025/12/18,包浆豆腐,9
2025/12/14,梅子酒（半斤）,11
2025/12/7,麻辣烤鱼肥肠组合（青笋+卤肥肠+土豆片）,5
2025/12/25,包浆豆腐,20
2025/12/12,烤生蚝,15
2025/12/26,银针菇（外卖）,1
2025/12/24,匠匠家的面,14
2025/12/13,匠匠家的面,25
2025/12/29,烤生蚝,15
2025/12/2,麻辣烤鱼灵魂搭配（卤豆干+青笋条+土豆片）,5
2025/12/18,麻辣烤鱼灵魂搭配（卤豆干+青笋条+土豆片）,2
2025/12/13,大红灯笼泡椒味,4
2025/12/1,匠匠家的面,8
2025/12/13,经典麻辣豆花,36
2025/12/12,青柠气泡,40
2025/12/19,银针菇,9
2025/12/25,银针菇（外卖）,2
2025/12/7,匠匠家的面,29
2025/12/19,青柠气泡,8
2025/12/6,烤脑花,12
2025/12/16,包浆豆腐,13
2025/12/10,包浆豆腐,40
2025/12/15,烤生蚝,14
2025/12/6,经典麻辣豆花,57
2025/12/6,黄金奶香烤面包,25
2025/12/24,银针菇（外卖）,1
2025/12/16,包浆豆腐,2
2025/12/13,蒜香味,10
2025/12/2,烤生蚝,10
2025/12/21,烤生蚝,8
2025/12/24,烤生蚝,25
2025/12/5,匠匠家的面,24
2025/12/8,银针菇,3
2025/12/20,包浆豆腐,25
2025/12/6,匠匠家的面,37
2025/12/16,青柠气泡,34
2025/12/15,拍黄瓜,3
2025/12/24,包浆豆腐,1
2025/12/10,藕片,3
2025/12/13,包浆豆腐,69
2025/12/16,青柠气泡,5
2025/12/17,匠匠家的面,17
2025/12/4,烤生蚝,7
2025/12/16,麻辣烤鱼灵魂搭配（卤豆干+青笋条+土豆片）,6
2025/12/25,烤生蚝,22
2025/12/4,拍黄瓜,1
2025/12/16,银针菇,5
2025/12/23,银针菇,8
2025/12/23,匠匠家的面,12
2025/12/6,大红灯笼泡椒味,4
2025/12/17,麻辣烤鱼肥肠组合（青笋+卤肥肠+土豆片）,5
2025/12/27,卤肥肠,4
2025/12/7,包浆豆腐,1
2025/12/6,麻辣豆花烤鱼（外卖）,25
2025/12/22,烤脑花,2
2025/12/12,包浆豆腐,35
2025/12/28,梅子酒（半斤）,1
2025/12/14,包浆豆腐,78
2025/12/20,匠匠家的面,26
2025/12/30,包浆豆腐,2
2025/12/17,烤脑花,8
2025/12/9,拍黄瓜,2
2025/12/2,老坛酸菜豆花,1
2025/12/2,银针菇,8
2025/12/25,包浆豆腐,48
2025/12/14,匠匠家的面,23
2025/12/1,匠匠家的面,11
2025/12/14,烤鱿鱼须(2串起烤),24
2025/12/8,黄金奶香烤面包,6
2025/12/21,包浆豆腐,68
2025/12/17,青柠气泡,35
2025/12/22,银针菇,5
2025/12/16,烤脑花,5
2025/12/29,包浆豆腐,30
2025/12/18,包浆豆腐,37
2025/12/22,银针菇（外卖）,1
2025/12/6,匠匠家的面,28
2025/12/13,匠匠家的面,20
2025/12/19,匠匠家的面,21
2025/12/3,青笋,3
2025/12/13,烤脑花,7
2025/12/20,烤脑花,8
2025/12/7,黑椒猪颈肉（2串起烤）,157
2025/12/20,烤生蚝,20
2025/12/26,卤味豆干,5
2025/12/28,匠匠家的面,30
2025/12/24,娃娃菜,5
2025/12/18,匠匠家的面（外卖）,3
2025/12/15,包浆豆腐,36
2025/12/3,青柠气泡,35
2025/12/16,藕片（外卖）,8
2025/12/24,烤脑花,7
2025/12/24,包浆豆腐,46
2025/12/22,银针菇,6
2025/12/28,宜宾把把烧,25
2025/12/3,青笋条,23
2025/12/28,酸辣毛豆,2
2025/12/11,藕片,7
2025/12/29,匠匠家的面,20
2025/12/29,烤脑花,3
2025/12/4,蒜香味,1
2025/12/30,青柠气泡,61
2025/12/2,烤脑花,1
2025/12/20,包浆豆腐,80
2025/12/21,烤脑花,6
2025/12/19,宜宾把把烧,6
2025/12/10,匠匠家的面,6
2025/12/10,芝士烤红薯,30
2025/12/9,包浆豆腐,11
2025/12/30,烤生蚝,10
2025/12/23,魔芋,8
2025/12/11,烤脑花,4
2025/12/30,匠匠家的面,27
2025/12/28,烤生蚝,26
2025/12/13,藕片,7
2025/12/12,拍黄瓜,3
2025/12/3,匠匠家的面,17
2025/12/26,梅子酒（半斤）,3
2025/12/19,宜宾把把烧,15
2025/12/30,黄金奶香烤面包,10
2025/12/30,烤鱿鱼须(2串起烤),10
2025/12/9,匠匠家的面（外卖）,3
2025/12/14,拍黄瓜,4
2025/12/6,魔芋,25
2025/12/16,拍黄瓜,1
2025/12/2,魔芋,4
2025/12/25,小份蒜香味烤鱼（黑豆花）,2
2025/12/28,烤脑花,6
2025/12/28,宜宾把把烧,8
2025/12/16,包浆豆腐,36
2025/12/12,包浆豆腐,10
2025/12/15,匠匠家的面（外卖）,5
2025/12/16,匠匠家的面（外卖）,2
2025/12/16,匠匠家的面,13
2025/12/19,尽情撸串把把烧套餐（50串）(外卖),1
2025/12/3,匠匠家的面（外卖）,4
2025/12/22,青柠气泡,4
2025/12/7,匠匠家的面,18
2025/12/13,麻辣豆花烤鱼（外卖）,28
2025/12/13,魔芋,22
2025/12/7,烤脑花,8
2025/12/8,翡翠青椒,1
2025/12/12,酸辣毛豆,3
2025/12/22,黄金奶香烤面包,11
2025/12/7,香辣鱿鱼须,1
2025/12/26,匠匠家的面,29
2025/12/9,小份蒜香味烤鱼（黑豆花）,2
2025/12/20,娃娃菜（外卖）,1
2025/12/12,烤脑花,5
2025/12/23,大红灯笼泡椒味豆花,1
2025/12/12,匠匠家的面（外卖）,3
2025/12/10,匠匠家的面,11
2025/12/20,魔芋,25
2025/12/13,蒜香豆花黔鱼（外卖）,18
2025/12/28,乡村酥肉,19
2025/12/12,银针菇,8
2025/12/23,匠匠家的面,13
2025/12/27,魔芋,22
2025/12/28,包浆豆腐,5
2025/12/25,黄金奶香烤面包,22
2025/12/27,烤脑花,16
2025/12/3,香糯烤鸡脚,22
2025/12/8,烤生蚝,13
2025/12/18,拍黄瓜,2
2025/12/31,酸菜味豆花海鲈鱼（外卖）,1
2025/12/28,魔芋,26
2025/12/1,青柠气泡,4
2025/12/10,匠匠家的面（外卖）,5
2025/12/11,匠匠家的面,21
2025/12/8,魔芋,10
2025/12/30,包浆豆腐,20
2025/12/28,匠匠家的面（外卖）,5
2025/12/5,匠匠家的面,17
2025/12/18,魔芋（外卖）,2
2025/12/3,人气搭配（四川冷箭笋+土豆片+魔芋）,6
2025/12/10,烧椒烤茄子,5
2025/12/27,烤生蚝,20
2025/12/31,青柠气泡,78
2025/12/1,烤脑花,2
2025/12/24,魔芋,10
2025/12/22,匠匠家的面（外卖）,3
2025/12/12,匠匠家的面,18
2025/12/3,烤脑花,9
2025/12/17,麻辣烤鱼灵魂搭配（卤豆干+青笋条+土豆片）,3
2025/12/22,拍黄瓜,4
2025/12/16,匠匠家的面,9
2025/12/27,大红灯笼泡椒味豆花,2
2025/12/6,包浆豆腐,24
2025/12/31,黑椒猪颈肉（2串起烤）,119
2025/12/7,烤生蚝,23
2025/12/1,匠匠家的面（外卖）,4
2025/12/6,拍黄瓜,3
2025/12/7,拍黄瓜,4
2025/12/9,包浆豆腐,35
2025/12/29,魔芋,11
2025/12/21,匠匠家的面（外卖）,11
2025/12/8,拍黄瓜,1
2025/12/4,匠匠家的面,13
2025/12/22,卤味豆干,1
2025/12/14,匠匠家的面（外卖）,17
2025/12/8,老坛酸菜,2
2025/12/23,拍黄瓜,4
2025/12/7,青柠气泡,85
2025/12/6,匠匠家的面（外卖）,6
2025/12/13,大红灯笼味豆花黔鱼（外卖）,3
2025/12/14,烤生蚝,27
2025/12/25,梅子酒（半斤）,3
2025/12/10,银针菇,6
2025/12/14,魔芋,12
2025/12/28,卤肥肠,3
2025/12/24,酸辣毛豆,2
2025/12/19,青柠气泡,57
2025/12/17,拍黄瓜,2
2025/12/26,烤脑花,7
2025/12/22,娃娃菜,3
2025/12/18,青柠气泡,4
2025/12/20,卤肥肠,1
2025/12/3,卤肥肠,2
2025/12/25,卤肥肠,2
2025/12/15,烤脑花,8
2025/12/29,小份麻辣味烤鱼（黑豆花）,12
2025/12/24,黑椒猪颈肉（2串起烤）,75
2025/12/13,匠匠家的面（外卖）,10
2025/12/12,匠匠家的面,15
2025/12/11,米饭（外卖）,15
2025/12/9,包浆豆腐,1
2025/12/18,烤生蚝,5
2025/12/16,黑椒猪颈肉（2串起烤）,70
2025/12/8,烤脑花,7
2025/12/17,魔芋,8
2025/12/19,娃娃菜（外卖）,1
2025/12/4,匠匠家的面（外卖）,6
2025/12/8,黑椒猪颈肉（2串起烤）,61
2025/12/28,黑椒猪颈肉（2串起烤）,146
2025/12/3,青笋（外卖）,8
2025/12/25,黑椒猪颈肉（2串起烤）,83
2025/12/26,匠匠家的面（外卖）,4
2025/12/3,匠匠家的面,10
2025/12/21,魔芋,14
2025/12/31,老坛酸菜豆花,1
2025/12/3,青柠气泡,2
2025/12/6,人气搭配（四川冷箭笋+土豆片+魔芋）,30
2025/12/5,魔芋,17
2025/12/28,匠匠家的面,28
2025/12/3,黑椒猪颈肉（2串起烤）,46
2025/12/8,椒麻鸡翅尖（外卖，个）,24
2025/12/6,青柠酸辣豆花,2
2025/12/15,黄金奶香烤面包,8
2025/12/21,老坛酸菜,2
2025/12/2,青柠酸辣豆花,2
2025/12/19,匠匠家的面（外卖）,5
2025/12/31,蒜香味,4
2025/12/17,黄金奶香烤面包,11
2025/12/7,魔芋,20
2025/12/1,魔芋,9
2025/12/6,卤肥肠,2
2025/12/5,拍黄瓜,5
2025/12/3,魔芋,19
2025/12/22,匠匠家的面,15
2025/12/26,魔芋,11
2025/12/19,魔芋,6
2025/12/2,大红灯笼泡椒味豆花,1
2025/12/28,包浆豆腐,20
2025/12/27,酸辣毛豆,2
2025/12/31,经典麻辣味豆花,24
2025/12/18,烤脑花,6
2025/12/6,包浆豆腐,72
2025/12/22,青柠气泡,30
2025/12/24,匠匠家的面,10
2025/12/26,黄金奶香烤面包,4
2025/12/25,匠匠家的面（外卖）,7
2025/12/25,娃娃菜,3
2025/12/21,老坛酸菜豆花,1
2025/12/17,青柠气泡,7
2025/12/23,黄金奶香烤面包,8
2025/12/2,翡翠青椒豆花,2
2025/12/7,匠匠家的面（外卖）,13
2025/12/2,大红灯笼泡椒味,1
2025/12/19,梅子酒（半斤）,7
2025/12/11,魔芋,8
2025/12/5,米酒（半斤）,2
2025/12/2,米酒（半斤）,1
2025/12/8,米酒（半斤）,1
2025/12/15,米酒（半斤）,1
2025/12/22,米酒（半斤）,1
2025/12/24,米酒（半斤）,1
2025/12/27,米酒（半斤）,1
2025/12/30,米酒（半斤）,1
2025/12/6,人气搭配（四川冷箭笋+土豆片+魔芋）,21
2025/12/25,拍黄瓜,2
2025/12/24,匠匠家的面（外卖）,3
2025/12/24,娃娃菜（外卖）,1
2025/12/7,包浆豆腐,20
2025/12/19,拍黄瓜,4
2025/12/19,包浆豆腐,2
2025/12/18,黑椒猪颈肉（2串起烤）,69
2025/12/7,魔芋,26
2025/12/12,魔芋,11
2025/12/5,藕片,5
2025/12/15,魔芋,12
2025/12/25,魔芋,26
2025/12/20,魔芋,10
2025/12/5,美好火腿肠,2
2025/12/14,美好火腿肠,2
2025/12/15,美好火腿肠,2
2025/12/7,黄金奶香烤面包,20
2025/12/13,美好火腿肠,5
2025/12/4,魔芋,12
2025/12/23,大红灯笼泡椒味,2
2025/12/12,美好火腿肠,3
2025/12/29,美好火腿肠,3
2025/12/2,老坛酸菜,1
2025/12/14,藕片,3
2025/12/25,香糯烤鸡脚,32
2025/12/12,黄金奶香烤面包,14
2025/12/14,魔芋,28
2025/12/1,拍黄瓜,3
2025/12/2,包浆豆腐,1
2025/12/19,烤生蚝,9
2025/12/24,黄金奶香烤面包,9
2025/12/9,黑椒猪颈肉（2串起烤）,49
2025/12/8,烤鸡翅,8
2025/12/2,精酿德式小麦,10
2025/12/17,精酿德式小麦,2
2025/12/3,精酿德式小麦,5
2025/12/15,精酿德式小麦,3
2025/12/8,精酿德式小麦,6
2025/12/16,精酿德式小麦,6
2025/12/4,精酿德式小麦,1
2025/12/11,精酿德式小麦,1
2025/12/16,精酿德式小麦,1
2025/12/4,精酿德式小麦,1
2025/12/29,美好火腿肠,3
2025/12/27,匠匠家的面（外卖）,14
2025/12/24,魔芋,20
2025/12/2,匠匠家的面,14
2025/12/21,黑椒猪颈肉（2串起烤）,146
2025/12/17,米酒（半斤）,4
2025/12/30,包浆豆腐,59
2025/12/12,黑椒猪颈肉（2串起烤）,56
2025/12/17,香辣花甲,7
2025/12/6,魔芋,13
2025/12/22,精酿德式小麦,6
2025/12/18,魔芋,19
2025/12/2,老坛酸菜,4
2025/12/7,精酿德式小麦,8
2025/12/8,魔芋,13
2025/12/14,青柠气泡,6
2025/12/28,米酒（半斤）,1
2025/12/28,宜宾把把烧(外卖半份),5
2025/12/18,黄金奶香烤面包,9
2025/12/4,美好火腿肠,2
2025/12/27,美好火腿肠,7
2025/12/18,人气搭配（四川冷箭笋+土豆片+魔芋）,13
2025/12/6,翡翠青椒,11
2025/12/11,人气搭配（四川冷箭笋+土豆片+魔芋）,11
2025/12/30,匠匠家的面（外卖）,14
2025/12/24,拍黄瓜,9
2025/12/20,黑椒猪颈肉（2串起烤）,159
2025/12/23,青椒豆花烤鱼（外卖）,3
2025/12/9,匠匠家的面,10
2025/12/8,椒麻鸡翅尖,5
2025/12/29,米酒（半斤）,5
2025/12/10,青椒豆花烤鱼（外卖）,2
2025/12/7,藕片,5
2025/12/29,拍黄瓜,9
2025/12/30,魔芋,21
2025/12/15,魔芋,7
2025/12/20,老坛酸菜豆花,5
2025/12/1,魔芋,15
2025/12/10,人气搭配（四川冷箭笋+土豆片+魔芋）,20
2025/12/3,米酒（半斤）,2
2025/12/5,魔芋,12
2025/12/23,人气搭配（四川冷箭笋+土豆片+魔芋）,8
2025/12/15,菠萝小油条,7
2025/12/17,精酿德式小麦,6
2025/12/23,经典麻辣味豆花,20
2025/12/3,藕片,5
2025/12/23,烤脑花,3
2025/12/4,人气搭配（四川冷箭笋+土豆片+魔芋）,10
2025/12/9,匠匠家的面,19
2025/12/29,黑椒猪颈肉（2串起烤）,61
2025/12/15,魔芋（外卖）,9
2025/12/13,黑椒猪颈肉（2串起烤）,105
2025/12/8,人气搭配（四川冷箭笋+土豆片+魔芋）,11
2025/12/2,酸菜豆花烤鱼（外卖）,2
2025/12/29,精酿德式小麦,1
2025/12/16,魔芋,10
2025/12/3,美好火腿肠,1
2025/12/15,老坛酸菜豆花,1
2025/12/23,魔芋,19
2025/12/12,精酿德式小麦,2
2025/12/30,魔芋,6
2025/12/5,匠匠家的面（外卖）,3
2025/12/7,米酒（半斤）,3
2025/12/24,精酿德式小麦,3
2025/12/4,魔芋,14
2025/12/19,包浆豆腐,47
2025/12/20,酸辣毛豆,1
2025/12/31,杨枝甘露-花傲天同款,4
2025/12/31,杨枝甘露-花傲天同款,6
2025/12/31,杨枝甘露-花傲天同款,2
2025/12/7,老坛酸菜豆花,5
2025/12/11,魔芋（外卖）,6
2025/12/15,人气搭配（四川冷箭笋+土豆片+魔芋）,10
2025/12/17,人气搭配（四川冷箭笋+土豆片+魔芋）,17
2025/12/11,魔芋,11
2025/12/23,匠匠家的面（外卖）,5
2025/12/10,魔芋（外卖）,9
2025/12/7,人气搭配（四川冷箭笋+土豆片+魔芋）,22
2025/12/10,精酿德式小麦,5
2025/12/18,老坛酸菜豆花,1
2025/12/20,匠匠家的面（外卖）,12
2025/12/17,人气搭配（四川冷箭笋+土豆片+魔芋）,13
2025/12/1,米酒（半斤）,3
2025/12/20,人气搭配（四川冷箭笋+土豆片+魔芋）,30
2025/12/1,人气搭配（四川冷箭笋+土豆片+魔芋）,8
2025/12/18,美好火腿肠,3
2025/12/2,人气搭配（四川冷箭笋+土豆片+魔芋）,9
2025/12/10,美好火腿肠,4
2025/12/19,包浆豆腐,18
2025/12/7,老坛酸菜,2
2025/12/3,老坛酸菜豆花,1
2025/12/14,蒜香排骨,62
2025/12/27,青柠气泡,5
2025/12/6,魔芋（外卖）,19
2025/12/16,人气搭配（四川冷箭笋+土豆片+魔芋）,11
2025/12/22,美好火腿肠,5
2025/12/29,卤肥肠,2
2025/12/15,黑椒猪颈肉（2串起烤）,55
2025/12/30,黑椒猪颈肉（2串起烤）,90
2025/12/18,米酒（半斤）,2
2025/12/24,美好火腿肠,7
2025/12/15,人气搭配（四川冷箭笋+土豆片+魔芋）,7
2025/12/23,人气搭配（四川冷箭笋+土豆片+魔芋）,14
2025/12/9,人气搭配（四川冷箭笋+土豆片+魔芋）,11
2025/12/15,酸菜豆花烤鱼（外卖）,2
2025/12/31,大红灯笼泡椒味,4
2025/12/9,老坛酸菜豆花,2
2025/12/21,人气搭配（四川冷箭笋+土豆片+魔芋）,18
2025/12/14,人气搭配（四川冷箭笋+土豆片+魔芋）,26
2025/12/7,青椒豆花烤鱼（外卖）,5
2025/12/21,魔芋,15
2025/12/19,人气搭配（四川冷箭笋+土豆片+魔芋）,9
2025/12/12,魔芋,16
2025/12/5,人气搭配（四川冷箭笋+土豆片+魔芋）,13
2025/12/29,魔芋,18
2025/12/9,人气搭配（四川冷箭笋+土豆片+魔芋）,11
2025/12/3,人气搭配（四川冷箭笋+土豆片+魔芋）,5
2025/12/10,魔芋,7
2025/12/15,老坛酸菜,1
2025/12/19,人气搭配（四川冷箭笋+土豆片+魔芋）,10
2025/12/13,人气搭配（四川冷箭笋+土豆片+魔芋）,40
2025/12/22,魔芋（外卖）,6
2025/12/27,经典麻辣味豆花,26
2025/12/23,凤梨百香果绿茶,2
2025/12/9,老坛酸菜,4
2025/12/29,人气搭配（四川冷箭笋+土豆片+魔芋）,12
2025/12/26,人气搭配（四川冷箭笋+土豆片+魔芋）,19
2025/12/16,人气搭配（四川冷箭笋+土豆片+魔芋）,13
2025/12/22,魔芋,4
2025/12/12,包浆豆腐,1
2025/12/9,麻辣烤鱼灵魂搭配（卤豆干+青笋条+土豆片）,4
2025/12/12,老坛酸菜,1
2025/12/12,魔芋（外卖）,12
2025/12/28,包浆豆腐,66
2025/12/13,魔芋（外卖）,21
2025/12/20,米酒（半斤）,2
2025/12/12,老坛酸菜豆花,2
2025/12/30,青柠气泡,8
2025/12/13,人气搭配（四川冷箭笋+土豆片+魔芋）,21
2025/12/11,人气搭配（四川冷箭笋+土豆片+魔芋）,13
2025/12/4,人气搭配（四川冷箭笋+土豆片+魔芋）,5
2025/12/21,老坛酸菜豆花,5
2025/12/19,美好火腿肠,3
2025/12/16,黄金奶香烤面包,9
2025/12/1,人气搭配（四川冷箭笋+土豆片+魔芋）,6
2025/12/7,包浆豆腐,67
2025/12/21,魔芋（外卖）,28
2025/12/24,人气搭配（四川冷箭笋+土豆片+魔芋）,17
2025/12/27,人气搭配（四川冷箭笋+土豆片+魔芋）,19
2025/12/7,精酿德式小麦,5
2025/12/26,拍黄瓜,2
2025/12/24,老坛酸菜豆花,1
2025/12/21,人气搭配（四川冷箭笋+土豆片+魔芋）,12
2025/12/16,老坛酸菜豆花,2
2025/12/25,人气搭配（四川冷箭笋+土豆片+魔芋）,14
2025/12/30,人气搭配（四川冷箭笋+土豆片+魔芋）,19
2025/12/11,拍黄瓜,6
2025/12/6,椒麻鸡翅尖（外卖，份）,1
2025/12/25,魔芋,7
2025/12/15,青椒豆花烤鱼（外卖）,1
2025/12/17,魔芋（外卖）,6
2025/12/31,蒜香味豆花,10
2025/12/25,菠萝小油条,7
2025/12/26,米酒（半斤）,2
2025/12/11,米饭,57
2025/12/19,米酒（半斤）,4
2025/12/28,卤味豆干,3
2025/12/28,老坛酸菜豆花,3
2025/12/26,魔芋,30
2025/12/2,青椒豆花烤鱼（外卖）,2
2025/12/14,烤鱿鱼须（外卖）,4
2025/12/2,人气搭配（四川冷箭笋+土豆片+魔芋）,15
2025/12/23,经典麻辣豆花,20
2025/12/9,娃娃菜,1
2025/12/22,娃娃菜（外卖）,1
2025/12/24,魔芋（外卖）,7
2025/12/31,经典麻辣豆花,28
2025/12/28,人气搭配（四川冷箭笋+土豆片+魔芋）,22
2025/12/28,黄金奶香烤面包,16
2025/12/17,匠匠家的面（外卖）,2
2025/12/12,人气搭配（四川冷箭笋+土豆片+魔芋）,12
2025/12/4,酸菜豆花烤鱼（外卖）,3
2025/12/9,娃娃菜,3
2025/12/4,魔芋（外卖）,12
2025/12/5,娃娃菜,2
2025/12/17,娃娃菜,2
2025/12/21,大红灯笼泡椒味豆花,1
2025/12/10,翡翠青椒豆花,2
2025/12/24,菠萝小油条,12
2025/12/18,美好火腿肠,4
2025/12/22,魔芋,14
2025/12/10,魔芋,15
2025/12/25,米酒（半斤）,4
2025/12/13,魔芋,13
2025/12/5,魔芋（外卖）,12
2025/12/9,烤脑花,5
2025/12/28,美好火腿肠,6
2025/12/28,魔芋（外卖）,17
2025/12/16,大红灯笼泡椒味豆花,1
2025/12/18,烤泡泡豆干,14
2025/12/17,魔芋,13
2025/12/17,老坛酸菜,1
2025/12/11,美好火腿肠,2
2025/12/27,魔芋（外卖）,20
2025/12/11,黄金奶香烤面包,5
2025/12/12,人气搭配（四川冷箭笋+土豆片+魔芋）,15
2025/12/22,人气搭配（四川冷箭笋+土豆片+魔芋）,8
2025/12/1,娃娃菜,3
2025/12/23,魔芋（外卖）,6
2025/12/30,人气搭配（四川冷箭笋+土豆片+魔芋）,17
2025/12/19,美好火腿肠,6
2025/12/12,卤肥肠,2
2025/12/19,魔芋（外卖）,11
2025/12/24,美好火腿肠,3
2025/12/7,魔芋（外卖）,18
2025/12/2,黄金奶香烤面包,8
2025/12/14,娃娃菜,6
2025/12/2,包浆豆腐,36
2025/12/13,烤泡泡豆干,42
2025/12/8,包浆豆腐,2
2025/12/29,魔芋（外卖）,5
2025/12/8,精酿德式小麦,1
2025/12/24,老坛酸菜,3
2025/12/29,烤泡泡豆干,21
2025/12/9,魔芋（外卖）,8
2025/12/19,卤肥肠,1
2025/12/1,黄金奶香烤面包,12
2025/12/31,青笋+藕片（素菜搭配B）,1
2025/12/27,老坛酸菜,8
2025/12/23,翡翠青椒豆花,1
2025/12/14,魔芋（外卖）,19
2025/12/3,魔芋（外卖）,5
2025/12/6,麻辣烤鱼肥肠组合（青笋+卤肥肠+土豆片）,11
2025/12/25,魔芋（外卖）,11
2025/12/3,烤泡泡豆干,37
2025/12/11,娃娃菜,6
2025/12/18,老坛酸菜豆花,2
2025/12/22,烤生蚝,1
2025/12/11,老坛酸菜,1
2025/12/20,魔芋（外卖）,25
2025/12/30,拍黄瓜,4
2025/12/1,魔芋（外卖）,3
2025/12/30,精酿德式小麦,1
2025/12/4,藕片,3
2025/12/27,大红灯笼泡椒味,8
2025/12/23,蒜香味豆花,2
2025/12/4,老坛酸菜豆花,2
2025/12/10,人气搭配（四川冷箭笋+土豆片+魔芋）,6
2025/12/3,黄金奶香烤面包,11
2025/12/24,包浆豆腐,1
2025/12/21,酸菜豆花烤鱼（外卖）,3
2025/12/26,人气搭配（四川冷箭笋+土豆片+魔芋）,13
2025/12/11,翡翠青椒豆花,1
2025/12/4,四川冷箭笋,1
2025/12/16,四川冷箭笋,1
2025/12/18,四川冷箭笋,1
2025/12/24,四川冷箭笋,2
2025/12/9,四川冷箭笋,4
2025/12/9,四川冷箭笋,1
2025/12/29,四川冷箭笋,2
2025/12/28,青笋条,27
2025/12/26,魔芋（外卖）,11
2025/12/24,人气搭配（四川冷箭笋+土豆片+魔芋）,13
2025/12/18,魔芋,4
2025/12/13,精酿德式小麦,6
2025/12/28,美好火腿肠,12
2025/12/5,青柠气泡,7
2025/12/17,美好火腿肠,9
2025/12/18,娃娃菜,4
2025/12/4,青柠酸辣豆花,2
2025/12/13,菠萝小油条,10
2025/12/20,酸菜豆花烤鱼（外卖）,2
2025/12/3,烤鸡脚（外卖）,1
2025/12/12,娃娃菜,4
2025/12/20,卤味豆干,2
2025/12/7,美好火腿肠,11
2025/12/14,人气搭配（四川冷箭笋+土豆片+魔芋）,25
2025/12/10,烤生蚝,6
2025/12/19,宜宾把把烧(外卖半份),2
2025/12/26,四川冷箭笋,3
2025/12/16,菠萝小油条,5
2025/12/16,魔芋,14
2025/12/28,烤鱿鱼须(2串起烤),17
2025/12/7,人气搭配（四川冷箭笋+土豆片+魔芋）,17
2025/12/25,烤脑花,7
2025/12/23,烤生蚝,2
2025/12/2,蒜香味,6
2025/12/4,青柠酸辣,2
2025/12/25,四川冷箭笋,2
2025/12/9,魔芋,5
2025/12/23,美好火腿肠,7
2025/12/16,烤泡泡豆干,29
2025/12/2,魔芋（外卖）,8
2025/12/16,青笋+藕片（素菜搭配B）,1
2025/12/17,老坛酸菜豆花,1
2025/12/30,烤脑花,11
2025/12/27,青笋条,29
2025/12/10,四川冷箭笋,2
2025/12/25,大红灯笼泡椒味豆花,1
2025/12/25,匠匠家的面,20
2025/12/5,烤泡泡豆干,30
2025/12/15,娃娃菜,3
2025/12/25,娃娃菜,5
2025/12/1,美好火腿肠,5
2025/12/11,酸菜豆花烤鱼（外卖）,2
2025/12/2,蒜香味豆花,3
2025/12/23,黑椒猪颈肉（2串起烤）,65
2025/12/28,尽情撸串把把烧套餐（50串）(外卖),2
2025/12/15,美好火腿肠,10
2025/12/21,拍黄瓜,1
2025/12/8,匠匠家的面,13
2025/12/24,四川冷箭笋,6
2025/12/2,青柠酸辣,3
2025/12/21,翡翠青椒豆花,3
2025/12/6,娃娃菜,8
2025/12/12,酸菜豆花烤鱼（外卖）,3
2025/12/29,人气搭配（四川冷箭笋+土豆片+魔芋）,18
2025/12/15,烤泡泡豆干,24
2025/12/4,黄金奶香烤面包,19
2025/12/18,匠匠家的面,19
2025/12/2,四川冷箭笋,7
2025/12/6,芝士烤红薯,54
2025/12/2,匠匠家的面（外卖）,2
2025/12/6,米酒（半斤）,3
2025/12/25,人气搭配（四川冷箭笋+土豆片+魔芋）,14
2025/12/8,美好火腿肠,4
2025/12/20,人气搭配（四川冷箭笋+土豆片+魔芋）,20
2025/12/25,青笋,13
2025/12/18,青柠酸辣,1
2025/12/24,青笋,9
2025/12/15,大红灯笼味豆花黔鱼（外卖）,2
2025/12/27,烧椒烤茄子,8
2025/12/28,青笋,19
2025/12/30,青笋,9
2025/12/18,老坛酸菜,3
2025/12/21,青笋条,28
2025/12/5,香辣鱿鱼须,3
2025/12/7,酸菜豆花烤鱼（外卖）,2
2025/12/20,青柠酸辣豆花,2
2025/12/24,青笋条,21
2025/12/27,美好火腿肠,13
2025/12/7,经典麻辣味豆花,13
2025/12/29,娃娃菜,2
2025/12/4,美好火腿肠,4
2025/12/10,美好火腿肠,4
2025/12/6,青柠酸辣,5
2025/12/30,魔芋（外卖）,13
2025/12/25,烤鸡脚（外卖）,6
2025/12/11,烤泡泡豆干,44
2025/12/11,美好火腿肠,5
2025/12/8,大红灯笼泡椒味,1
2025/12/15,翡翠青椒豆花,2
2025/12/26,精酿德式小麦,1
2025/12/11,四川冷箭笋,1
2025/12/9,魔芋,15
2025/12/25,精酿德式小麦（外卖）,2
2025/12/27,魔芋,14
2025/12/23,大红灯笼味豆花黔鱼（外卖）,1
2025/12/28,人气搭配（四川冷箭笋+土豆片+魔芋）,22
2025/12/5,四川冷箭笋,4
2025/12/5,娃娃菜,7
2025/12/20,精酿德式小麦（外卖）,2
2025/12/28,魔芋,19
2025/12/26,四川冷箭笋,3
2025/12/19,魔芋,25
2025/12/6,美好火腿肠,9
2025/12/22,青笋,2
2025/12/20,美好火腿肠,13
2025/12/15,娃娃菜,3
2025/12/23,青柠酸辣豆花,1
2025/12/18,人气搭配（四川冷箭笋+土豆片+魔芋）,13
2025/12/14,美好火腿肠,7
2025/12/2,宜宾把把烧,3
2025/12/18,青柠酸辣豆花,1
2025/12/8,人气搭配（四川冷箭笋+土豆片+魔芋）,4
2025/12/19,经典麻辣味豆花,15
2025/12/10,翡翠青椒,9
2025/12/25,杨枝甘露-花傲天同款,1
2025/12/25,杨枝甘露-花傲天同款,1
2025/12/30,翡翠青椒豆花,3
2025/12/21,经典麻辣味豆花,19
2025/12/9,藕片,4
2025/12/4,大红灯笼泡椒味,1
2025/12/25,杨枝甘露-花傲天同款,3
2025/12/20,美好火腿肠,6
2025/12/8,娃娃菜,4
2025/12/20,老坛酸菜,4
2025/12/3,青椒豆花烤鱼（外卖）,4
2025/12/17,烤泡泡豆干,35
2025/12/23,青笋,9
2025/12/17,娃娃菜,4
2025/12/20,拍黄瓜,4
2025/12/28,大红灯笼泡椒味豆花,1
2025/12/30,美好火腿肠,6
2025/12/9,烤泡泡豆干,22
2025/12/25,美好火腿肠,6
2025/12/9,菠萝小油条,7
2025/12/2,包浆豆腐,12
2025/12/8,香辣花甲,3
2025/12/12,米酒（半斤）,1
2025/12/27,青椒豆花烤鱼（外卖）,7
2025/12/5,美好火腿肠,10
2025/12/7,翡翠青椒豆花,5
2025/12/5,烤脑花,7
2025/12/8,魔芋（外卖）,2
2025/12/18,青椒豆花烤鱼（外卖）,1
2025/12/21,美好火腿肠,9
2025/12/12,娃娃菜,4
2025/12/29,老坛酸菜,1
2025/12/21,经典麻辣豆花,26
2025/12/23,四川冷箭笋,2
2025/12/18,美好火腿肠（外卖）,2
2025/12/14,酸辣毛豆,1
2025/12/20,翡翠青椒豆花,5
2025/12/2,美好火腿肠,1
2025/12/3,翡翠青椒豆花,3
2025/12/10,经典麻辣味豆花,19
2025/12/18,四川冷箭笋,4
2025/12/7,青柠酸辣豆花,1
2025/12/13,四川冷箭笋,6
2025/12/1,四川冷箭笋,3
2025/12/13,四川冷箭笋,12
2025/12/11,翡翠青椒,4
2025/12/29,小份蒜香味烤鱼（黑豆花）,3
2025/12/1,包浆豆腐,8
2025/12/5,人气搭配（四川冷箭笋+土豆片+魔芋）,15
2025/12/24,老坛酸菜,1
2025/12/12,四川冷箭笋+银针菇（素菜搭配A）,1
2025/12/18,翡翠青椒豆花,5
2025/12/30,四川冷箭笋,4
2025/12/28,经典麻辣味豆花,24
2025/12/5,青柠气泡,51
2025/12/15,福佳白4.5度,1
2025/12/20,福佳白4.5度,1
2025/12/18,蒜香味,1
2025/12/10,经典麻辣味,1
2025/12/26,青笋条,23
2025/12/12,福佳白4.5度,10
2025/12/2,福佳白4.5度,2
2025/12/5,福佳白4.5度,2
2025/12/24,福佳白4.5度,6
2025/12/2,福佳白4.5度,2
2025/12/12,福佳白4.5度,2
2025/12/18,福佳白4.5度,6
2025/12/28,福佳白4.5度,8
2025/12/17,香辣花甲（外卖）,1
2025/12/7,娃娃菜,4
2025/12/17,福佳白4.5度,1
2025/12/18,翡翠青椒,1
2025/12/3,青柠酸辣豆花,2
2025/12/21,芝士烤红薯,44
2025/12/22,人气搭配（四川冷箭笋+土豆片+魔芋）,10
2025/12/24,酸菜豆花烤鱼（外卖）,1
2025/12/29,青笋,10
2025/12/21,翡翠青椒,3
2025/12/6,青笋+藕片（素菜搭配B）,1
2025/12/22,麻辣烤鱼灵魂搭配（卤豆干+青笋条+土豆片）,2
2025/12/12,青椒豆花烤鱼（外卖）,4
2025/12/4,娃娃菜,4
2025/12/2,宜宾把把烧,11
2025/12/28,大红灯笼泡椒味,3
2025/12/4,烤泡泡豆干,36
2025/12/20,烤泡泡豆干,68
2025/12/1,包浆豆腐,1
2025/12/31,麻辣豆花烤鱼（外卖）,71
2025/12/21,翡翠青椒豆花,2
2025/12/8,青笋+藕片（素菜搭配B）,1
2025/12/2,翡翠青椒豆花,3
2025/12/28,乡村酥肉（外卖）,3
2025/12/27,经典麻辣豆花,31
2025/12/3,四川冷箭笋,4
2025/12/28,四川冷箭笋,5
2025/12/27,拍黄瓜,2
2025/12/28,拍黄瓜,7
2025/12/8,蒜香味豆花,2
2025/12/7,椒麻鸡翅尖（外卖，份）,5
2025/12/8,四川冷箭笋,5
2025/12/30,娃娃菜,3
2025/12/23,青笋条,22
2025/12/30,四川冷箭笋,8
2025/12/21,美好火腿肠,4
2025/12/6,烤生蚝,11
2025/12/21,四川冷箭笋,7
2025/12/12,青柠酸辣豆花,1
2025/12/10,青柠酸辣豆花,5
2025/12/7,青柠气泡,9
2025/12/31,老坛酸菜,2
2025/12/23,四川冷箭笋,3
2025/12/27,蒜香味豆花,6
2025/12/8,青柠气泡,1
2025/12/20,老坛酸菜,1
2025/12/27,麻辣烤鱼肥肠组合（青笋+卤肥肠+土豆片）,10
2025/12/24,大红灯笼泡椒味豆花,1
2025/12/11,老坛酸菜,2
2025/12/18,经典麻辣味豆花,20
2025/12/8,经典麻辣味豆花,12
2025/12/1,蒜香味豆花,1
2025/12/30,福佳白4.5度,4
2025/12/11,福佳白4.5度,4
2025/12/25,酸菜豆花烤鱼（外卖）,3
2025/12/14,米酒（半斤）,3
2025/12/10,经典麻辣豆花,24
2025/12/7,老坛酸菜,2
2025/12/3,蒜香味豆花,5
2025/12/7,娃娃菜,6
2025/12/27,四川冷箭笋,8
2025/12/5,老坛酸菜,3
2025/12/15,烤泡泡豆干（外卖）,11
2025/12/5,尽情撸串把把烧套餐（50串）(外卖),1
2025/12/18,经典麻辣豆花,16
2025/12/2,娃娃菜,5
2025/12/21,蒜香味豆花,2
2025/12/4,芝士烤红薯,25
2025/12/15,椒麻鸡翅尖（外卖，份）,3
2025/12/20,芝士烤红薯,49
2025/12/13,芝士烤红薯,55
2025/12/28,四川冷箭笋+银针菇（素菜搭配A）,2
2025/12/4,四川冷箭笋,7
2025/12/9,青柠酸辣豆花,1
2025/12/21,经典麻辣味豆花,17
2025/12/31,青柠气泡,9
2025/12/28,娃娃菜,8
2025/12/21,老坛酸菜,5
2025/12/11,四川冷箭笋+银针菇（素菜搭配A）,1
2025/12/4,椒麻鸡翅尖,9
2025/12/1,营养儿童餐,3
2025/12/13,拍黄瓜,3
2025/12/28,蒜香味豆花,7
2025/12/9,青椒豆花烤鱼（外卖）,2
2025/12/20,大红灯笼泡椒味豆花,2
2025/12/3,麻辣烤鱼肥肠组合（青笋+卤肥肠+土豆片）,6
2025/12/27,人气搭配（四川冷箭笋+土豆片+魔芋）,24
2025/12/9,经典麻辣味豆花,10
2025/12/29,青笋条,20
2025/12/7,四川冷箭笋,10
2025/12/25,青椒豆花烤鱼（外卖）,3
2025/12/28,酸菜豆花烤鱼（外卖）,2
2025/12/21,青笋,23
2025/12/25,烤泡泡豆干,34
2025/12/15,经典麻辣味豆花,13
2025/12/16,香辣花甲,3
2025/12/4,青椒豆花烤鱼（外卖）,3
2025/12/16,经典麻辣味豆花,20
2025/12/20,四川冷箭笋,6
2025/12/1,美好火腿肠,2
2025/12/7,烤泡泡豆干,39
2025/12/9,大红灯笼泡椒味豆花,3
2025/12/10,娃娃菜,1
2025/12/10,酸菜豆花烤鱼（外卖）,2
2025/12/13,烤泡泡豆干（外卖）,12
2025/12/8,包浆豆腐,15
2025/12/21,青椒豆花烤鱼（外卖）,10
2025/12/16,四川冷箭笋,5
2025/12/24,经典麻辣味豆花,20
2025/12/8,匠匠家的面（外卖）,1
2025/12/7,四川冷箭笋+银针菇（素菜搭配A）,1
2025/12/24,翡翠青椒豆花,2
2025/12/22,青笋条,23
2025/12/18,大红灯笼泡椒味豆花,1
2025/12/12,娃娃菜（外卖）,2
2025/12/15,四川冷箭笋,5
2025/12/8,蒜香味,4
2025/12/23,麻辣豆花烤鱼（外卖）,6
2025/12/3,经典麻辣味豆花,16
2025/12/20,青柠酸辣豆花,1
2025/12/25,翡翠青椒豆花,6
2025/12/9,老坛酸菜,2
2025/12/14,杨枝甘露-花傲天同款,6
2025/12/14,杨枝甘露-花傲天同款,2
2025/12/14,杨枝甘露-花傲天同款,2
2025/12/27,大红灯笼味豆花黔鱼（外卖）,2
2025/12/5,美好火腿肠（外卖）,2
2025/12/25,经典麻辣味豆花,18
2025/12/17,美好火腿肠,3
2025/12/12,美好火腿肠,9
2025/12/12,经典麻辣味豆花,16
2025/12/27,娃娃菜,7
2025/12/14,四川冷箭笋,8
2025/12/16,魔芋（外卖）,4
2025/12/31,大红灯笼泡椒味豆花,2
2025/12/23,菠萝小油条,7
2025/12/17,匠匠家的面,16
2025/12/15,大红灯笼泡椒味,2
2025/12/21,蒜香味,6
2025/12/29,芝士烤红薯,31
2025/12/15,翡翠青椒,3
2025/12/18,青柠酸辣豆花,1
2025/12/20,大红灯笼泡椒味豆花,1
2025/12/19,四川冷箭笋,4
2025/12/5,大红灯笼泡椒味豆花,2
2025/12/28,老坛酸菜,7
2025/12/11,美好火腿肠（外卖）,1
2025/12/23,烤泡泡豆干,21
2025/12/8,包浆豆腐,28
2025/12/4,翡翠青椒豆花,1
2025/12/20,四川冷箭笋,2
2025/12/28,四川冷箭笋,4
2025/12/30,青笋条,24
2025/12/23,青笋（外卖）,6
2025/12/13,老坛酸菜,1
2025/12/14,四川冷箭笋,2
2025/12/2,魔芋,9
2025/12/17,四川冷箭笋,1
2025/12/3,美好火腿肠,6
2025/12/29,四川冷箭笋,4
2025/12/20,经典麻辣豆花,19
2025/12/30,杨枝甘露-花傲天同款,5
2025/12/3,蒜香豆花黔鱼（外卖）,5
2025/12/13,美好火腿肠,3
2025/12/4,大红灯笼泡椒味豆花,2
2025/12/20,蒜香味豆花,5
2025/12/30,杨枝甘露-花傲天同款,2
2025/12/7,老坛酸菜豆花,2
2025/12/30,杨枝甘露-花傲天同款,2
2025/12/16,蒜香味豆花,1
2025/12/5,大红灯笼泡椒味,1
2025/12/6,黑椒猪颈肉（2串起烤）,139
2025/12/1,包浆豆腐,32
2025/12/31,匠匠家的面,19
2025/12/18,经典麻辣味豆花,11
2025/12/6,四川冷箭笋,13
2025/12/9,青柠酸辣,1
2025/12/24,老坛酸菜,3
2025/12/28,美好火腿肠（外卖）,3
2025/12/5,老坛酸菜,1
2025/12/15,美好火腿肠（外卖）,4
2025/12/2,翡翠青椒,3
2025/12/20,翡翠青椒豆花,3
2025/12/21,青笋（外卖）,23
2025/12/2,蒜香味豆花,2
2025/12/7,经典麻辣豆花,48
2025/12/20,经典麻辣味豆花,29
2025/12/4,丝瓜,3
2025/12/24,青椒豆花烤鱼（外卖）,5
2025/12/23,蒜香豆花黔鱼（外卖）,6
2025/12/29,青笋（外卖）,12
2025/12/11,青柠酸辣,3
2025/12/11,翡翠青椒豆花,2
2025/12/6,丝瓜,1
2025/12/11,丝瓜,1
2025/12/13,丝瓜,1
2025/12/23,丝瓜,2
2025/12/30,丝瓜,2
2025/12/3,丝瓜,1
2025/12/12,丝瓜,1
2025/12/19,丝瓜,1
2025/12/24,丝瓜,1
2025/12/16,米酒（半斤）,2
2025/12/8,美好火腿肠（外卖）,2
2025/12/14,掌中宝（2串起烤）,30
2025/12/28,青笋（外卖）,28
2025/12/11,青笋+藕片（素菜搭配B）,1
2025/12/18,青笋,8
2025/12/17,翡翠青椒豆花,3
2025/12/28,老坛酸菜,3
2025/12/23,翡翠青椒,1
2025/12/5,烤泡泡豆干（外卖）,6
2025/12/12,老坛酸菜豆花,2
2025/12/27,麻辣豆花烤鱼（外卖）,39
2025/12/30,烤泡泡豆干,29
2025/12/15,老坛酸菜,2
2025/12/13,老坛酸菜豆花,2
2025/12/9,芝士烤红薯,25
2025/12/4,青柠酸辣,1
2025/12/25,青柠酸辣豆花,1
2025/12/12,蒜香味豆花,2
2025/12/3,娃娃菜,3
2025/12/9,蒜香味豆花,2
2025/12/26,青笋,16
2025/12/30,翡翠青椒,8
2025/12/25,四川冷箭笋+银针菇（素菜搭配A）,1
2025/12/11,凤梨百香果绿茶,10
2025/12/30,青笋（外卖）,8
2025/12/9,翡翠青椒,3
2025/12/15,蒜香味豆花,1
2025/12/19,丝瓜,2
2025/12/11,经典麻辣味豆花,16
2025/12/4,四川冷箭笋（外卖）,1
2025/12/29,四川冷箭笋+银针菇（素菜搭配A）,1
2025/12/30,美好火腿肠,6
2025/12/12,烤泡泡豆干,30
2025/12/8,经典麻辣豆花,4
2025/12/28,大红灯笼泡椒味,3
2025/12/8,翡翠青椒豆花,2
2025/12/21,烤泡泡豆干,53
2025/12/3,魔芋,2
2025/12/27,青笋,14
2025/12/29,大红灯笼泡椒味,2
2025/12/27,翡翠青椒豆花,5
2025/12/1,美好火腿肠（外卖）,1
2025/12/25,青笋条,31
2025/12/28,芝士烤红薯,42
2025/12/17,四川冷箭笋+银针菇（素菜搭配A）,2
2025/12/5,宜宾把把烧,15
2025/12/17,青椒豆花烤鱼（外卖）,3
2025/12/16,美好火腿肠,1
2025/12/19,青柠酸辣豆花,2
2025/12/28,麻辣味豆花海鲈鱼（外卖）,2
2025/12/16,青柠酸辣豆花,1
2025/12/12,四川冷箭笋,3
2025/12/16,老坛酸菜,3
2025/12/14,杨枝甘露,4
2025/12/27,青笋（外卖）,36
2025/12/7,老坛酸菜,4
2025/12/19,老坛酸菜豆花,1
2025/12/24,青柠酸辣,1
2025/12/19,酸菜豆花烤鱼（外卖）,3
2025/12/25,芝士烤红薯,26
2025/12/10,青柠酸辣,2
2025/12/25,大红灯笼泡椒味,2
2025/12/11,烤泡泡豆干（外卖）,3
2025/12/10,卤味豆干,2
2025/12/12,卤味豆干,2
2025/12/25,蒜香味豆花,5
2025/12/12,菠萝小油条,11
2025/12/31,蒜香豆花黔鱼（外卖）,19
2025/12/18,蒜香味豆花,5
2025/12/28,丝瓜,1
2025/12/12,小份酸菜味烤鱼（黑豆花）,1
2025/12/22,烤羊肉串（2串起烤）,52
2025/12/20,烤五花（外卖）,5
2025/12/20,青笋,12
2025/12/8,娃娃菜,1
2025/12/3,香辣花甲,4
2025/12/24,大红灯笼泡椒味,1
2025/12/25,青笋（外卖）,16
2025/12/26,青笋（外卖）,13
2025/12/28,麻辣烤鱼肥肠组合（青笋+卤肥肠+土豆片）,8
2025/12/24,经典麻辣豆花,24
2025/12/20,经典麻辣味豆花,29
2025/12/5,四川冷箭笋+银针菇（素菜搭配A）,1
2025/12/28,经典麻辣味豆花,15
2025/12/19,烤泡泡豆干,21
2025/12/8,烤泡泡豆干,22
2025/12/27,营养儿童餐,10
2025/12/6,蒜香味,6
2025/12/8,丝瓜,5
2025/12/7,麻辣豆花烤鱼（外卖）,33
2025/12/11,精酿德式小麦（外卖）,2
2025/12/28,翡翠青椒豆花,2
2025/12/2,凤梨百香果绿茶,1
2025/12/24,烤泡泡豆干,31
2025/12/22,青笋（外卖）,7
2025/12/6,美好火腿肠（外卖）,1
2025/12/30,大红灯笼泡椒味豆花,1
2025/12/17,烤泡泡豆干（外卖）,3
2025/12/31,麻辣烤鱼最佳搭配（卤味豆干+青笋条+土豆片）,26
2025/12/20,蒜香味,1
2025/12/24,蒜香味豆花,6
2025/12/16,翡翠青椒,4
2025/12/16,美好火腿肠（外卖）,1
2025/12/21,蒜香味豆花,8
2025/12/20,青笋条,36
2025/12/25,四川冷箭笋,5
2025/12/7,青柠酸辣,5
2025/12/12,美好火腿肠（外卖）,2
2025/12/18,老坛酸菜,1
2025/12/23,蒜香味,8
2025/12/2,烤泡泡豆干,22
2025/12/2,杨枝甘露-花傲天同款,2
2025/12/23,老坛酸菜豆花,1
2025/12/27,丝瓜,2
2025/12/5,翡翠青椒,2
2025/12/18,青柠酸辣,1
2025/12/17,翡翠青椒,5
2025/12/2,杨枝甘露-花傲天同款,1
2025/12/7,丝瓜,8
2025/12/24,青笋（外卖）,10
2025/12/17,青笋,13
2025/12/18,烤泡泡豆干（外卖）,3
2025/12/14,丝瓜,5
2025/12/23,宜宾把把烧,7
2025/12/4,美好火腿肠（外卖）,2
2025/12/29,美好火腿肠（外卖）,2
2025/12/14,娃娃菜,8
2025/12/31,杨枝甘露,22
2025/12/15,椒麻鸡翅尖,7
2025/12/14,美好火腿肠（外卖）,4
2025/12/29,麻辣烤鱼肥肠组合（青笋+卤肥肠+土豆片）,3
2025/12/11,蒜香味豆花,2
2025/12/24,椒麻鸡翅尖,12
2025/12/8,四川冷箭笋+银针菇（素菜搭配A）,3
2025/12/7,美好火腿肠（外卖）,1
2025/12/10,烧椒烤茄子,7
2025/12/27,经典麻辣豆花,9
2025/12/31,老坛酸菜豆花,3
2025/12/31,蒜香味,13
2025/12/8,老坛酸菜,1
2025/12/3,美好火腿肠（外卖）,3
2025/12/3,椒麻鸡翅尖,4
2025/12/21,美好火腿肠（外卖）,4
2025/12/18,丝瓜,2
2025/12/26,四川冷箭笋+银针菇（素菜搭配A）,1
2025/12/15,经典麻辣豆花,17
2025/12/29,香辣花甲,9
2025/12/13,青笋条,29
2025/12/3,四川冷箭笋,1
2025/12/8,老坛酸菜,2
2025/12/5,翡翠青椒豆花,2
2025/12/10,美好火腿肠（外卖）,3
2025/12/15,麻辣烤鱼肥肠组合（青笋+卤肥肠+土豆片）,6
2025/12/26,福佳白4.5度,1
2025/12/21,青柠酸辣,2
2025/12/10,老坛酸菜豆花,1
2025/12/21,大红灯笼泡椒味,4
2025/12/11,娃娃菜,2
2025/12/24,大红灯笼泡椒味,2
2025/12/26,米饭（外卖）,15
2025/12/15,青柠酸辣,1
2025/12/14,青笋条,38
2025/12/4,烧椒烤茄子,3
2025/12/9,翡翠青椒豆花,1
2025/12/4,娃娃菜,2
2025/12/29,经典麻辣豆花,13
2025/12/26,娃娃菜,7
2025/12/29,椒麻鸡翅尖,9
2025/12/20,美好火腿肠（外卖）,4
2025/12/27,老坛酸菜,6
2025/12/28,蒜香味,16
2025/12/11,翡翠青椒,1
2025/12/14,杨枝甘露,6
2025/12/25,杨枝甘露,7
2025/12/8,青柠气泡,32
2025/12/29,丝瓜,2
2025/12/6,椒麻鸡翅尖,20
2025/12/11,经典麻辣豆花,32
2025/12/20,翡翠青椒,12
2025/12/20,老坛酸菜,1
2025/12/23,凤梨百香果绿茶,2
2025/12/12,香辣花甲,5
2025/12/12,青笋,4
2025/12/6,青柠酸辣豆花,1
2025/12/7,青笋条,25
2025/12/7,黔鱼,1
2025/12/31,麻辣烤鱼灵魂搭配（卤豆干+青笋条+土豆片）,14
2025/12/28,老坛酸菜,3
2025/12/2,四川冷箭笋,2
2025/12/21,经典麻辣豆花,29
2025/12/20,青柠酸辣,7
2025/12/22,美好火腿肠,1
2025/12/28,香糯烤鸡脚,37
2025/12/21,麻辣烤鱼肥肠组合（青笋+卤肥肠+土豆片）,7
2025/12/4,老坛酸菜豆花,2
2025/12/6,蒜香味豆花,3
2025/12/13,翡翠青椒豆花,8
2025/12/24,香辣花甲,7
2025/12/19,美好火腿肠（外卖）,1
2025/12/18,经典麻辣豆花,4
2025/12/13,翡翠青椒,3
2025/12/3,芝士烤红薯,17
2025/12/27,四川冷箭笋,3
2025/12/5,黄金奶香烤面包,10
2025/12/4,青笋条,19
2025/12/18,四川冷箭笋（外卖）,3
2025/12/19,青柠酸辣,4
2025/12/9,美好火腿肠（外卖）,4
2025/12/28,蒜香味豆花,3
2025/12/25,娃娃菜（外卖）,1
2025/12/3,翡翠青椒,1
2025/12/6,烤泡泡豆干,55
2025/12/2,蒜香味,2
2025/12/15,丝瓜,2
2025/12/27,美好火腿肠（外卖）,4
2025/12/13,青柠酸辣豆花,3
2025/12/9,经典麻辣豆花,4
2025/12/7,经典麻辣味豆花,27
2025/12/6,青笋条,28
2025/12/16,青笋,6
2025/12/19,大红灯笼泡椒味豆花,1
2025/12/22,大红灯笼泡椒味豆花,1
2025/12/18,蒜香味,1
2025/12/28,麻辣豆花烤鱼（外卖）,26
2025/12/25,丝瓜,1
2025/12/7,四川冷箭笋,6
2025/12/31,酸菜豆花烤鱼（外卖）,4
2025/12/25,香辣花甲,6
2025/12/10,麻辣豆花烤鱼（外卖）,14
2025/12/7,美好火腿肠,5
2025/12/26,美好火腿肠（外卖）,2
2025/12/16,翡翠青椒豆花,1
2025/12/15,翡翠青椒豆花,3
2025/12/25,烤泡泡豆干（外卖）,3
2025/12/27,凤梨百香果绿茶,15
2025/12/30,老坛酸菜豆花,3
2025/12/7,椒麻鸡翅尖,21
2025/12/31,杨枝甘露,10
2025/12/31,土豆片,23
2025/12/5,青柠酸辣,1
2025/12/31,大红灯笼味豆花黔鱼（外卖）,9
2025/12/15,老坛酸菜,1
2025/12/18,大红灯笼泡椒味,2
2025/12/19,麻辣豆花烤鱼（外卖）,20
2025/12/20,大红灯笼味豆花黔鱼（外卖）,2
2025/12/9,红糖小糍粑,4
2025/12/1,娃娃菜,4
2025/12/6,青笋,18
2025/12/24,美好火腿肠（外卖）,4
2025/12/17,老坛酸菜,1
2025/12/21,蒜香味,1
2025/12/19,芝士烤红薯,31
2025/12/13,人气搭配(四川冷箭笋+土豆片+魔芋),1
2025/12/10,大红灯笼泡椒味豆花,1
2025/12/3,烤五花（外卖）,5
2025/12/15,蒜香味,5
2025/12/20,丝瓜,4
2025/12/14,娃娃菜（外卖）,1
2025/12/14,青柠酸辣,1
2025/12/14,经典麻辣味豆花,29
2025/12/27,酸菜味豆花海鲈鱼（外卖）,2
2025/12/26,烤泡泡豆干,36
2025/12/7,烤泡泡豆干（外卖）,10
2025/12/12,经典麻辣豆花,35
2025/12/8,青笋,10
2025/12/11,大红灯笼味豆花黔鱼（外卖）,1
2025/12/18,翡翠青椒,3
2025/12/27,大红灯笼泡椒味,1
2025/12/2,凤梨百香果绿茶,8
2025/12/16,翡翠青椒,2
2025/12/4,翡翠青椒,6
2025/12/25,美好火腿肠（外卖）,3
2025/12/29,蒜香味,6
2025/12/26,老坛酸菜,2
2025/12/30,丝瓜,3
2025/12/15,蒜香豆花黔鱼（外卖）,4
2025/12/3,青柠酸辣豆花,1
2025/12/4,娃娃菜（外卖）,1
2025/12/18,经典麻辣豆花,12
2025/12/28,经典麻辣豆花,14
2025/12/17,青柠酸辣,5
2025/12/18,大红灯笼泡椒味,2
2025/12/26,麻辣烤鱼肥肠组合（青笋+卤肥肠+土豆片）,5
2025/12/16,芝士烤红薯,24
2025/12/27,菠萝小油条,14
2025/12/25,翡翠青椒,5
2025/12/5,青柠酸辣,1
2025/12/11,经典麻辣豆花,9
2025/12/16,美好火腿肠,3
2025/12/27,蒜香味,22
2025/12/15,凤梨百香果绿茶,3
2025/12/20,蒜香味豆花,3
2025/12/2,青笋条,12
2025/12/28,丝瓜,5
2025/12/20,翡翠青椒,5
2025/12/7,大红灯笼泡椒味豆花,1
2025/12/7,菠萝小油条,9
2025/12/25,经典麻辣豆花,21
2025/12/4,翡翠青椒,2
2025/12/30,翡翠青椒,2
2025/12/7,经典麻辣豆花,9
2025/12/16,老坛酸菜,1
2025/12/15,青柠酸辣豆花,2
2025/12/29,经典麻辣味豆花,11
2025/12/6,青笋（外卖）,23
2025/12/28,经典麻辣豆花,37
2025/12/7,青柠酸辣豆花,1
2025/12/28,蒜香豆花黔鱼（外卖）,16
2025/12/25,大红灯笼泡椒味,5
2025/12/21,大红灯笼味豆花黔鱼（外卖）,3
2025/12/3,翡翠青椒豆花,2
2025/12/29,麻辣味豆花海鲈鱼（外卖）,1
2025/12/6,娃娃菜（外卖）,1
2025/12/11,香辣花甲,5
2025/12/7,翡翠青椒豆花,1
2025/12/9,凤梨百香果绿茶,1
2025/12/31,匠匠家的面（外卖）,27
2025/12/10,大红灯笼泡椒味,1
2025/12/20,麻辣烤鱼肥肠组合（青笋+卤肥肠+土豆片）,8
2025/12/19,芒果雪花冰,1
2025/12/14,翡翠青椒豆花,4
2025/12/30,酸菜豆花烤鱼（外卖）,2
2025/12/11,蒜香味,9
2025/12/11,经典麻辣味豆花,10
2025/12/21,四川冷箭笋（外卖）,5
2025/12/3,凤梨百香果绿茶,1
2025/12/29,四川冷箭笋（外卖）,1
2025/12/21,烤五花（外卖）,15
2025/12/16,青笋条,23
2025/12/12,青柠酸辣豆花,1
2025/12/6,丝瓜,4
2025/12/28,蒜香味,5
2025/12/25,大红灯笼味豆花黔鱼（外卖）,3
2025/12/14,杨枝甘露,2
2025/12/24,经典麻辣豆花,17
2025/12/3,经典麻辣豆花,28
2025/12/21,丝瓜,5
2025/12/3,经典麻辣豆花,9
2025/12/30,青椒味豆花海鲈鱼（外卖）,1
2025/12/8,乡村酥肉,16
2025/12/7,香辣花甲,6
2025/12/18,麻辣豆花烤鱼（外卖）,11
2025/12/24,椒麻鸡翅尖（外卖，份）,2
2025/12/13,老坛酸菜,2
2025/12/11,烤鸡翅,29
2025/12/15,香辣花甲,8
2025/12/27,蒜香豆花黔鱼（外卖）,9
2025/12/7,四川冷箭笋（外卖）,2
2025/12/14,大红灯笼泡椒味,2
2025/12/5,经典麻辣味豆花,12
2025/12/26,香辣花甲,5
2025/12/3,老坛酸菜豆花,2
2025/12/21,菠萝小油条,12
2025/12/16,椒麻鸡翅尖,9
2025/12/7,翡翠青椒,3
2025/12/24,经典麻辣豆花,20
2025/12/30,老坛酸菜,1
2025/12/22,烤泡泡豆干,21
2025/12/25,丝瓜,3
2025/12/5,丝瓜,7
2025/12/24,麻辣烤鱼肥肠组合（青笋+卤肥肠+土豆片）,10
2025/12/21,烤泡泡豆干（外卖）,3
2025/12/20,福佳白4.5度,2
2025/12/10,椒麻鸡翅尖（外卖，份）,1
2025/12/22,烧椒烤茄子,1
2025/12/12,小份青椒味烤鱼（黑豆花）,1
2025/12/21,青柠酸辣,3
2025/12/27,大红灯笼泡椒味豆花,2
2025/12/8,四川冷箭笋,2
2025/12/18,凤梨百香果绿茶,8
2025/12/8,青柠酸辣,1
2025/12/17,蒜香味豆花,2
2025/12/9,蒜香味,1
2025/12/31,卤肥肠,6
2025/12/18,麻辣烤鱼肥肠组合（青笋+卤肥肠+土豆片）,5
2025/12/21,经典麻辣豆花,17
2025/12/28,经典麻辣豆花,19
2025/12/12,大红灯笼味豆花黔鱼（外卖）,2
2025/12/19,经典麻辣豆花,30
2025/12/6,四川冷箭笋,4
2025/12/20,经典麻辣豆花,25
2025/12/9,经典麻辣豆花,27
2025/12/12,老坛酸菜,1
2025/12/9,大红灯笼味豆花黔鱼（外卖）,1
2025/12/7,翡翠青椒,11
2025/12/14,大红灯笼泡椒味豆花,1
2025/12/5,蒜香味豆花,1
2025/12/24,芝士烤红薯,24
2025/12/14,青笋,22
2025/12/2,美好火腿肠,2
2025/12/28,四川冷箭笋（外卖）,1
2025/12/20,经典麻辣豆花,13
2025/12/21,凤梨百香果绿茶,20
2025/12/12,麻辣豆花烤鱼（外卖）,23
2025/12/27,麻辣烤鱼灵魂搭配：卤味豆干+青笋片+土豆片,1
2025/12/11,四川冷箭笋（外卖）,1
2025/12/11,青笋,13
2025/12/5,青笋条,18
2025/12/5,青笋,18
2025/12/16,烧椒烤茄子,1
2025/12/13,烧椒烤茄子,1
2025/12/7,娃娃菜（外卖）,3
2025/12/21,乡村酥肉,27
2025/12/13,翡翠青椒,3
2025/12/17,青柠酸辣,1
2025/12/18,芝士烤红薯,24
2025/12/24,翡翠青椒豆花,1
2025/12/13,四川冷箭笋（外卖）,5
2025/12/28,青椒豆花烤鱼（外卖）,6
2025/12/7,大红灯笼泡椒味,5
2025/12/22,翡翠青椒豆花,1
2025/12/19,青椒豆花烤鱼（外卖）,4
2025/12/14,青柠酸辣豆花,1
2025/12/15,麻辣豆花烤鱼（外卖）,8
2025/12/18,烤五花（外卖）,5
2025/12/12,四川冷箭笋（外卖）,2
2025/12/13,经典麻辣味,1
2025/12/3,老坛酸菜,2
2025/12/24,丝瓜,3
2025/12/12,经典麻辣味豆花,13
2025/12/4,乡村酥肉,21
2025/12/8,青椒豆花烤鱼（外卖）,1
2025/12/20,烤泡泡豆干（外卖）,4
2025/12/15,烧椒烤茄子,5
2025/12/29,丝瓜,7
2025/12/15,烤五花（外卖）,5
2025/12/9,凤梨百香果绿茶,3
2025/12/12,蒜香味,2
2025/12/17,翡翠青椒豆花,2
2025/12/11,麻辣豆花烤鱼（外卖）,15
2025/12/14,翡翠青椒,1
2025/12/17,丝瓜,4
2025/12/31,土豆片,40
2025/12/10,烤鱿鱼须（外卖）,4
2025/12/4,蒜香味,2
2025/12/29,蒜香味,2
2025/12/1,蒜香味,9
2025/12/20,乡村酥肉,21
2025/12/13,烤五花（外卖）,15
2025/12/29,经典麻辣豆花,11
2025/12/9,大红灯笼泡椒味豆花,1
2025/12/11,娃娃菜（外卖）,2
2025/12/1,青柠酸辣豆花,1
2025/12/1,经典麻辣味豆花,9
2025/12/7,经典麻辣豆花,7
2025/12/9,经典麻辣味豆花,11
2025/12/18,青笋条,21
2025/12/15,经典麻辣味豆花,14
2025/12/5,宜宾把把烧,12
2025/12/19,青笋条,35
2025/12/21,麻辣豆花烤鱼（外卖）,28
2025/12/29,翡翠青椒,1
2025/12/24,青柠酸辣豆花,2
2025/12/9,麻辣豆花烤鱼（外卖）,13
2025/12/22,青椒豆花烤鱼（外卖）,5
2025/12/13,麻辣烤鱼肥肠组合（青笋+卤肥肠+土豆片）,7
2025/12/27,老坛酸菜豆花,1
2025/12/25,烤五花（外卖）,15
2025/12/29,翡翠青椒,1
2025/12/13,凤梨百香果绿茶,19
2025/12/21,青柠酸辣,4
2025/12/22,美好火腿肠（外卖）,1
2025/12/3,麻辣豆花烤鱼（外卖）,9
2025/12/15,四川冷箭笋（外卖）,1
2025/12/15,翡翠青椒,1
2025/12/23,香辣花甲,1
2025/12/25,蒜香味,1
2025/12/20,烧椒烤茄子,9
2025/12/8,烤泡泡豆干（外卖）,3
2025/12/15,青笋条,20
2025/12/9,四川冷箭笋（外卖）,1
2025/12/19,经典麻辣豆花,9
2025/12/13,烧椒烤茄子,7
2025/12/9,丝瓜,4
2025/12/9,麻辣烤鱼肥肠组合（青笋+卤肥肠+土豆片）,4
2025/12/14,烤泡泡豆干,46
2025/12/19,蒜香味豆花,3
2025/12/13,丝瓜,3
2025/12/3,娃娃菜（外卖）,2
2025/12/3,菠萝小油条,5
2025/12/15,经典麻辣豆花,9
2025/12/9,青笋,7
2025/12/13,经典麻辣味豆花,21
2025/12/2,青笋,6
2025/12/24,经典麻辣味豆花,13
2025/12/21,椒麻鸡翅尖,15
2025/12/19,四川冷箭笋（外卖）,2
2025/12/20,蒜香味,5
2025/12/28,烤泡泡豆干（外卖）,8
2025/12/15,经典麻辣豆花,9
2025/12/3,经典麻辣味豆花,12
2025/12/31,土豆片（外卖）,103
2025/12/26,老坛酸菜豆花,1
2025/12/3,大红灯笼泡椒味豆花,2
2025/12/16,经典麻辣味豆花,17
2025/12/7,芝士烤红薯,55
2025/12/12,经典麻辣豆花,7
2025/12/17,经典麻辣味豆花,12
2025/12/3,蒜香味,7
2025/12/18,青柠酸辣,4
2025/12/22,老坛酸菜豆花,1
2025/12/20,凤梨百香果绿茶,15
2025/12/30,翡翠青椒豆花,2
2025/12/29,菠萝小油条,5
2025/12/9,蒜香豆花黔鱼（外卖）,5
2025/12/2,大红灯笼泡椒味,1
2025/12/21,大红灯笼泡椒味,3
2025/12/24,麻辣豆花烤鱼（外卖）,13
2025/12/10,经典麻辣豆花,5
2025/12/13,凤梨百香果绿茶,1
2025/12/5,蒜香味,2
2025/12/16,麻辣豆花烤鱼（外卖）,9
2025/12/30,小份青椒味烤鱼（黑豆花）,3
2025/12/7,青柠酸辣,1
2025/12/8,翡翠青椒,3
2025/12/25,经典麻辣味豆花,14
2025/12/25,椒麻鸡翅尖,14
2025/12/12,丝瓜,2
2025/12/10,烤鱿鱼须(2串起烤),16
2025/12/11,青笋（外卖）,13
2025/12/19,翡翠青椒豆花,1
2025/12/4,蒜香味豆花,1
2025/12/2,翡翠青椒,1
2025/12/9,青笋条,25
2025/12/4,青笋,16
2025/12/17,蒜香味,3
2025/12/8,掌中宝（2串起烤）,6
2025/12/8,青笋（外卖）,8
2025/12/8,经典麻辣味豆花,16
2025/12/17,四川冷箭笋（外卖）,1
2025/12/1,老坛酸菜,1
2025/12/3,红糖小糍粑,5
2025/12/27,翡翠青椒,10
2025/12/21,翡翠青椒,2
2025/12/22,包浆豆腐,1
2025/12/20,大红灯笼泡椒味,7
2025/12/20,杨枝甘露-花傲天同款,8
2025/12/20,杨枝甘露-花傲天同款,1
2025/12/7,香辣花甲（外卖）,2
2025/12/8,青笋条,25
2025/12/19,烤脑花,6
2025/12/20,翡翠青椒,2
2025/12/20,杨枝甘露-花傲天同款,2
2025/12/15,青笋（外卖）,10
2025/12/8,青柠酸辣豆花,1
2025/12/17,大红灯笼泡椒味豆花,1
2025/12/24,凤梨百香果绿茶,12
2025/12/15,青笋,14
2025/12/26,四川冷箭笋（外卖）,1
2025/12/25,经典麻辣豆花,12
2025/12/15,芝士烤红薯,22
2025/12/16,经典麻辣豆花,8
2025/12/14,四川冷箭笋（外卖）,3
2025/12/6,烤泡泡豆干（外卖）,11
2025/12/13,蒜香味豆花,6
2025/12/30,经典麻辣味豆花,30
2025/12/3,乡村酥肉（外卖）,1
2025/12/30,大红灯笼泡椒味,1
2025/12/4,大红灯笼泡椒味,2
2025/12/15,掌中宝（2串起烤）,16
2025/12/7,福佳白4.5度,2
2025/12/30,四川冷箭笋（外卖）,4
2025/12/16,烤五花肉,8
2025/12/26,蒜香味,3
2025/12/20,丝瓜,2
2025/12/12,青笋条,16
2025/12/24,翡翠青椒,2
2025/12/28,娃娃菜（外卖）,2
2025/12/29,香辣花甲（外卖）,1
2025/12/3,乡村酥肉,9
2025/12/25,麻辣豆花烤鱼（外卖）,21
2025/12/4,青笋（外卖）,7
2025/12/23,大红灯笼泡椒味豆花,1
2025/12/20,经典麻辣味,2
2025/12/13,椒麻鸡翅尖（外卖，份）,3
2025/12/25,经典麻辣豆花,20
2025/12/10,蒜香味豆花,4
2025/12/21,蒜香味,13
2025/12/10,青笋条,24
2025/12/15,乡村酥肉（外卖）,1
2025/12/3,大红灯笼味豆花黔鱼（外卖）,2
2025/12/6,翡翠青椒豆花,1
2025/12/5,娃娃菜（外卖）,1
2025/12/27,精酿德式小麦（外卖）,1
2025/12/15,蒜香味,2
2025/12/1,蒜香豆花黔鱼（外卖）,1
2025/12/11,青笋条,15
2025/12/12,麻辣烤鱼肥肠组合（青笋+卤肥肠+土豆片）,6
2025/12/7,蒜香味豆花,4
2025/12/5,四川冷箭笋（外卖）,2
2025/12/14,经典麻辣豆花,8
2025/12/15,青柠酸辣,2
2025/12/6,美好火腿肠,9
2025/12/10,杨枝甘露-花傲天同款,1
2025/12/24,四川冷箭笋（外卖）,4
2025/12/23,美好火腿肠（外卖）,3
2025/12/4,黑椒猪颈肉（2串起烤）,85
2025/12/10,杨枝甘露-花傲天同款,6
2025/12/10,杨枝甘露-花傲天同款,4
2025/12/5,宜宾把把烧(外卖半份),2
2025/12/28,烤鸡脚（外卖）,5
2025/12/16,青笋（外卖）,4
2025/12/12,蒜香味,8
2025/12/20,菠萝小油条,15
2025/12/27,经典麻辣豆花,30
2025/12/19,老坛酸菜,2
2025/12/18,烧椒烤茄子,6
2025/12/25,四川冷箭笋（外卖）,5
2025/12/22,经典麻辣味豆花,15
2025/12/24,大红灯笼味豆花黔鱼（外卖）,1
2025/12/11,香辣花甲（外卖）,1
2025/12/9,蒜香味豆花,5
2025/12/3,经典麻辣豆花,3
2025/12/7,青笋,24
2025/12/27,香糯烤鸡脚,26
2025/12/30,青椒豆花烤鱼（外卖）,2
2025/12/20,麻辣豆花烤鱼（外卖）,34
2025/12/11,青柠酸辣豆花,1
2025/12/12,香辣花甲（外卖）,1
2025/12/14,青笋（外卖）,33
2025/12/12,经典麻辣豆花,10
2025/12/18,青笋（外卖）,7
2025/12/6,四川冷箭笋（外卖）,4
2025/12/25,青柠酸辣,3
2025/12/16,麻辣烤鱼肥肠组合（青笋+卤肥肠+土豆片）,4
2025/12/30,蒜香味豆花,2
2025/12/1,四川冷箭笋,3
2025/12/20,蒜香豆花黔鱼（外卖）,9
2025/12/25,蒜香味,8
2025/12/23,芝士烤红薯,26
2025/12/30,大红灯笼泡椒味豆花,2
2025/12/29,蒜香味豆花,3
2025/12/16,娃娃菜,3
2025/12/10,椒麻鸡翅尖,8
2025/12/13,乡村酥肉,35
2025/12/9,香辣花甲（外卖）,1
2025/12/8,蒜香味豆花,3
2025/12/22,包浆豆腐,1
2025/12/31,匠匠家的面,44
2025/12/27,老坛酸菜,2
2025/12/25,翡翠青椒豆花,2
2025/12/5,经典麻辣豆花,15
2025/12/16,蒜香味,7
2025/12/28,蒜香味,6
2025/12/29,娃娃菜（外卖）,3
2025/12/17,小份酸菜味烤鱼（黑豆花）,1
2025/12/2,四川冷箭笋（外卖）,1
2025/12/20,蒜香味,20
2025/12/12,青笋（外卖）,17
2025/12/20,青柠酸辣,2
2025/12/23,四川冷箭笋（外卖）,3
2025/12/6,经典麻辣味豆花,21
2025/12/17,青笋（外卖）,13
2025/12/24,蒜香味,2
2025/12/1,丝瓜,3
2025/12/17,大红灯笼味豆花黔鱼（外卖）,2
2025/12/30,大红灯笼味豆花黔鱼（外卖）,2
2025/12/9,椒麻鸡翅尖,6
2025/12/12,蒜香豆花黔鱼（外卖）,4
2025/12/3,蒜香味,2
2025/12/6,老坛酸菜,1
2025/12/5,青笋（外卖）,19
2025/12/22,蒜香味豆花,3
2025/12/30,杨枝甘露,10
2025/12/20,精酿德式小麦,4
2025/12/1,烧椒烤茄子,7
2025/12/5,黑椒猪颈肉（2串起烤）,84
2025/12/4,大红灯笼味豆花黔鱼（外卖）,2
2025/12/23,宜宾把把烧,14
2025/12/7,青笋（外卖）,32
2025/12/29,翡翠青椒豆花,2
2025/12/3,烧椒烤茄子,7
2025/12/14,蒜香味豆花,6
2025/12/26,经典麻辣味豆花,28
2025/12/11,蒜香豆花黔鱼（外卖）,3
2025/12/4,乡村酥肉（外卖）,3
2025/12/28,翡翠青椒豆花,6
2025/12/21,蒜香豆花黔鱼（外卖）,10
2025/12/3,香辣花甲（外卖）,1
2025/12/14,芝士烤红薯,49
2025/12/16,蒜香味,1
2025/12/17,青笋条,20
2025/12/13,经典麻辣豆花,7
2025/12/21,翡翠青椒,7
2025/12/22,四川冷箭笋（外卖）,3
2025/12/10,凤梨百香果绿茶,3
2025/12/8,青柠酸辣,2
2025/12/16,蒜香味豆花,2
2025/12/5,香辣花甲,11
2025/12/30,宜宾把把烧,18
2025/12/26,经典麻辣豆花,8
2025/12/24,翡翠青椒,4
2025/12/12,芝士烤红薯,26
2025/12/16,丝瓜,1
2025/12/19,青笋（外卖）,15
2025/12/10,大红灯笼味豆花黔鱼（外卖）,1
2025/12/9,香辣花甲,6
2025/12/12,乡村酥肉（外卖）,1
2025/12/18,蒜香豆花黔鱼（外卖）,1
2025/12/31,大红灯笼泡椒味,12
2025/12/21,香辣花甲,9
2025/12/17,青柠酸辣,1
2025/12/20,青笋（外卖）,22
2025/12/10,青笋（外卖）,8
2025/12/9,青笋（外卖）,12
2025/12/29,掌中宝（2串起烤）,30
2025/12/12,翡翠青椒,2
2025/12/25,美好火腿肠,8
2025/12/5,翡翠青椒,1
2025/12/27,娃娃菜（外卖）,1
2025/12/1,椒麻鸡翅尖,11
2025/12/27,四川冷箭笋+银针菇（素菜搭配A）,2
2025/12/17,大红灯笼泡椒味,1
2025/12/31,杨枝甘露,15
2025/12/11,蒜香味,3
2025/12/1,大红灯笼泡椒味豆花,1
2025/12/16,四川冷箭笋（外卖）,1
2025/12/23,烤五花肉,12
2025/12/8,经典麻辣豆花,9
2025/12/14,大红灯笼泡椒味,1
2025/12/1,经典麻辣豆花,28
2025/12/11,大红灯笼泡椒味,2
2025/12/16,经典麻辣豆花,22
2025/12/11,经典麻辣豆花,7
2025/12/4,翡翠青椒豆花,2
2025/12/4,蒜香豆花黔鱼（外卖）,3
2025/12/10,烤泡泡豆干,13
2025/12/10,掌中宝（外卖）,17
2025/12/17,经典麻辣豆花,15
2025/12/13,蒜香味,5
2025/12/23,青柠酸辣,3
2025/12/30,宜宾把把烧,7
2025/12/26,酸菜豆花烤鱼（外卖）,3
2025/12/14,经典麻辣豆花,12
2025/12/1,蒜香味豆花,1
2025/12/17,经典麻辣味豆花,14
2025/12/6,大红灯笼泡椒味豆花,2
2025/12/9,烤五花肉,4
2025/12/15,香辣花甲（外卖）,2
2025/12/24,蒜香味豆花,2
2025/12/18,菠萝小油条,8
2025/12/25,蒜香豆花黔鱼（外卖）,6
2025/12/16,凤梨百香果绿茶,5
2025/12/20,四川冷箭笋（外卖）,1
2025/12/27,四川冷箭笋（外卖）,1
2025/12/14,烤泡泡豆干（外卖）,11
2025/12/14,丝瓜,3
2025/12/25,杨枝甘露,16
2025/12/17,蒜香豆花黔鱼（外卖）,5
2025/12/25,蒜香味豆花,2
2025/12/18,椒麻鸡翅尖,9
2025/12/25,翡翠青椒,1
2025/12/28,香辣花甲,5
2025/12/31,老坛酸菜,4
2025/12/1,红糖小糍粑,5
2025/12/30,老坛酸菜,2
2025/12/30,老坛酸菜豆花,1
2025/12/6,老坛酸菜豆花,4
2025/12/20,香糯烤鸡脚,38
2025/12/24,大红灯笼泡椒味,1
2025/12/14,老坛酸菜豆花,1
2025/12/18,蒜香味,6
2025/12/27,烤鸡脚（外卖）,7
2025/12/26,美好火腿肠,8
2025/12/25,蒜香味,3
2025/12/5,烧椒烤茄子,7
2025/12/14,翡翠青椒,2
2025/12/17,包浆豆腐,9
2025/12/2,娃娃菜,1
2025/12/30,大红灯笼泡椒味,8
2025/12/15,蒜香味,4
2025/12/8,红糖小糍粑,3
2025/12/12,小份麻辣味烤鱼（黑豆花）,9
2025/12/24,烤泡泡豆干（外卖）,3
2025/12/13,掌中宝（2串起烤）,29
2025/12/13,经典麻辣豆花,8
2025/12/26,老坛酸菜,3
2025/12/29,凤梨百香果绿茶,2
2025/12/13,青笋（外卖）,29
2025/12/16,经典麻辣豆花,7
2025/12/24,蒜香豆花黔鱼（外卖）,4
2025/12/26,娃娃菜（外卖）,1
2025/12/29,乡村酥肉,22
2025/12/1,老坛酸菜,1
2025/12/2,椒麻鸡翅尖,5
2025/12/30,芒果雪花冰,2
2025/12/10,麻辣烤鱼肥肠组合（青笋+卤肥肠+土豆片）,6
2025/12/23,经典麻辣味豆花,9
2025/12/10,四川冷箭笋,4
2025/12/21,丝瓜,1
2025/12/6,翡翠青椒,2
2025/12/12,掌中宝（2串起烤）,23
2025/12/8,经典麻辣豆花,23
2025/12/27,翡翠青椒,7
2025/12/10,蒜香豆花黔鱼（外卖）,1
2025/12/27,经典麻辣味豆花,22
2025/12/19,经典麻辣味豆花,12
2025/12/21,蒜香味,7
2025/12/14,老坛酸菜,3
2025/12/27,麻辣味豆花海鲈鱼（外卖）,1
2025/12/26,老坛酸菜豆花,1
2025/12/23,掌中宝（2串起烤）,25
2025/12/28,烤泡泡豆干,31
2025/12/20,蒜香味,3
2025/12/12,烤五花肉,17
2025/12/23,经典麻辣豆花,12
2025/12/19,烤泡泡豆干（外卖）,3
2025/12/25,凤梨百香果绿茶,13
2025/12/13,青柠酸辣,4
2025/12/12,烧椒烤茄子,7
2025/12/28,翡翠青椒,14
2025/12/4,大红灯笼泡椒味豆花,1
2025/12/15,蒜香味豆花,1
2025/12/30,椒麻鸡翅尖（外卖，个）,12
2025/12/24,乡村酥肉,25
2025/12/15,烤五花肉,9
2025/12/13,烤五花肉,22
2025/12/6,烤五花（外卖）,20
2025/12/17,蒜香味豆花,1
2025/12/20,椒麻鸡翅尖,26
2025/12/19,蒜香味,8
2025/12/19,麻辣烤鱼肥肠组合（青笋+卤肥肠+土豆片）,7
2025/12/22,青柠酸辣豆花,2
2025/12/20,大红灯笼泡椒味,1
2025/12/6,经典麻辣豆花,9
2025/12/4,经典麻辣豆花,2
2025/12/30,蒜香味,9
2025/12/7,大红灯笼泡椒味,1
2025/12/16,丝瓜,5
2025/12/19,大红灯笼泡椒味,2
2025/12/9,乡村酥肉,23
2025/12/25,掌中宝（2串起烤）,44
2025/12/23,翡翠青椒豆花,5
2025/12/30,尽情撸串把把烧套餐（50串）(外卖),1
2025/12/10,青柠气泡,37
2025/12/20,烤五花肉,21
2025/12/21,掌中宝（2串起烤）,22
2025/12/15,乡村酥肉,18
2025/12/21,烤羊肉串（2串起烤）,149
2025/12/14,蒜香味,5
2025/12/20,椒盐花生,2
2025/12/14,椒麻鸡翅尖,14
2025/12/30,经典麻辣豆花,22
2025/12/12,椒盐花生,1
2025/12/14,经典麻辣味豆花,22
2025/12/30,杨枝甘露,11
2025/12/2,青笋（外卖）,11
2025/12/13,香辣鱿鱼须,2
2025/12/25,米饭（外卖）,12
2025/12/11,大红灯笼泡椒味,6
2025/12/29,烤五花肉,13
2025/12/17,经典麻辣豆花,23
2025/12/14,烧椒烤茄子,10
2025/12/19,老坛酸菜,1
2025/12/17,翡翠青椒,3
2025/12/7,椒盐花生,1
2025/12/26,椒盐花生,1
2025/12/31,掌中宝（2串起烤）,53
2025/12/13,青笋,18
2025/12/3,翡翠青椒,1
2025/12/27,烤泡泡豆干（外卖）,9
2025/12/10,菠萝小油条,6
2025/12/4,蒜香味豆花,2
2025/12/30,小份酸菜味烤鱼（黑豆花）,1
2025/12/30,经典麻辣豆花,11
2025/12/18,红糖小糍粑,3
2025/12/22,大红灯笼泡椒味,1
2025/12/17,蒜香味,2
2025/12/1,青椒豆花烤鱼（外卖）,4
2025/12/22,大红灯笼味豆花黔鱼（外卖）,1
2025/12/17,大红灯笼泡椒味,2
2025/12/2,小份酸菜味烤鱼（黑豆花）,1
2025/12/14,青柠酸辣,3
2025/12/24,蒜香味,7
2025/12/7,青柠酸辣,1
2025/12/23,蒜香味豆花,1
2025/12/14,香糯烤鸡脚,35
2025/12/6,蒜香味,6
2025/12/27,蒜香味豆花海鲈鱼（外卖）,2
2025/12/12,乡村酥肉,27
2025/12/17,麻辣豆花烤鱼（外卖）,9
2025/12/14,翡翠青椒豆花,3
2025/12/25,掌中宝（外卖）,5
2025/12/31,经典麻辣味,1
2025/12/17,蒜香味,1
2025/12/25,大红灯笼泡椒味豆花,2
2025/12/25,杨枝甘露,16
2025/12/17,经典麻辣味,1
2025/12/28,凤梨百香果绿茶,1
2025/12/2,精酿德式小麦,1
2025/12/18,烤五花肉,6
2025/12/19,青笋,9
2025/12/28,翡翠青椒,1
2025/12/3,掌中宝（2串起烤）,10
2025/12/1,经典麻辣味豆花,8
2025/12/19,大红灯笼味豆花黔鱼（外卖）,3
2025/12/11,芝士烤红薯,29
2025/12/15,红糖小糍粑,9
2025/12/19,经典麻辣豆花,18
2025/12/26,经典麻辣味豆花,15
2025/12/13,美好火腿肠（外卖）,6
2025/12/30,烤泡泡豆干（外卖）,3
2025/12/17,包浆豆腐,1
2025/12/19,翡翠青椒,3
2025/12/28,椒盐花生,3
2025/12/12,凤梨百香果绿茶,4
2025/12/24,小份酸菜味烤鱼（黑豆花）,1
2025/12/1,大红灯笼泡椒味,1
2025/12/23,青柠酸辣豆花,2
2025/12/21,红糖小糍粑,12
2025/12/17,包浆豆腐,32
2025/12/10,青笋,8
2025/12/21,椒盐花生,1
2025/12/18,丝瓜,1
2025/12/2,芝士烤红薯,28
2025/12/19,可乐（外卖）,2
2025/12/16,椒盐花生,1
2025/12/7,蒜香豆花黔鱼（外卖）,14
2025/12/19,四川冷箭笋,6
2025/12/7,蒜香味,18
2025/12/23,烤泡泡豆干（外卖）,6
2025/12/6,大红灯笼泡椒味,3
2025/12/11,小份酸菜味烤鱼（黑豆花）,1
2025/12/23,尽情撸串把把烧套餐（50串）(外卖),1
2025/12/18,翡翠青椒,1
2025/12/14,大红灯笼泡椒味豆花,4
2025/12/26,丝瓜,4
2025/12/24,烤五花肉,14
2025/12/30,香辣花甲,8
2025/12/8,四川冷箭笋（外卖）,1
2025/12/25,麻辣烤鱼肥肠组合（青笋+卤肥肠+土豆片）,8
2025/12/27,蒜香味豆花,3
2025/12/27,椒盐花生,1
2025/12/1,经典麻辣豆花,8
2025/12/16,青椒豆花烤鱼（外卖）,1
2025/12/16,青柠酸辣,2
2025/12/1,烤泡泡豆干,22
2025/12/16,蒜香味,3
2025/12/21,烧椒烤茄子,13
2025/12/6,大红灯笼泡椒味,1
2025/12/1,蒜香排骨,33
2025/12/22,蒜香味,5
2025/12/8,大红灯笼味豆花黔鱼（外卖）,1
2025/12/27,烤泡泡豆干,69
2025/12/13,杨枝甘露,3
2025/12/7,蒜香味豆花,7
2025/12/5,经典麻辣豆花,8
2025/12/26,翡翠青椒豆花,4
2025/12/29,红糖小糍粑,6
2025/12/13,椒麻鸡翅尖,23
2025/12/30,经典麻辣豆花,16
2025/12/6,翡翠青椒,3
2025/12/3,翡翠青椒,2
2025/12/19,蒜香豆花黔鱼（外卖）,5
2025/12/19,青柠酸辣,2
2025/12/19,烧椒烤茄子,10
2025/12/1,麻辣豆花烤鱼（外卖）,11
2025/12/21,米饭（外卖）,24
2025/12/19,青柠酸辣豆花,1
2025/12/1,青柠酸辣,3
2025/12/21,烤五花肉,26
2025/12/24,乡村酥肉（外卖）,1
2025/12/30,经典麻辣味豆花,19
2025/12/7,可乐（外卖）,4
2025/12/5,凤梨百香果绿茶,12
2025/12/18,小份酸菜味烤鱼（黑豆花）,1
2025/12/3,小份青椒味烤鱼（黑豆花）,1
2025/12/16,小份青椒味烤鱼（黑豆花）,1
2025/12/15,掌中宝（外卖）,6
2025/12/30,麻辣味豆花海鲈鱼（外卖）,1
2025/12/2,杨枝甘露,9
2025/12/2,小份青椒味烤鱼（黑豆花）,4
2025/12/30,杨枝甘露,16
2025/12/18,乡村酥肉（外卖）,1
2025/12/15,烤羊肉串（2串起烤）,63
2025/12/16,掌中宝（2串起烤）,21
2025/12/3,凤梨百香果绿茶,7
2025/12/12,四川冷箭笋,3
2025/12/24,烤羊肉串（2串起烤）,66
2025/12/26,青椒豆花烤鱼（外卖）,1
2025/12/26,经典麻辣豆花,10
2025/12/8,麻辣豆花烤鱼（外卖）,10
2025/12/20,香辣花甲,10
2025/12/1,烤泡泡豆干（外卖）,6
2025/12/23,米酒（半斤）,3
2025/12/20,掌中宝（2串起烤）,44
2025/12/28,翡翠青椒,2
2025/12/1,翡翠青椒豆花,3
2025/12/15,可乐（外卖）,5
2025/12/28,菠萝小油条,14
2025/12/13,米酒（半斤）,2
2025/12/30,小份麻辣味烤鱼（黑豆花）,9
2025/12/7,杨枝甘露-花傲天同款,1
2025/12/7,杨枝甘露-花傲天同款,5
2025/12/19,黄金奶香烤面包,18
2025/12/7,杨枝甘露-花傲天同款,1
2025/12/11,椒麻鸡翅尖,11
2025/12/6,椒盐花生,1
2025/12/17,经典麻辣豆花,14
2025/12/22,香辣花甲,4
2025/12/13,杨枝甘露-花傲天同款,3
2025/12/13,杨枝甘露-花傲天同款,8
2025/12/9,掌中宝（2串起烤）,10
2025/12/12,可乐（外卖）,4
2025/12/1,大红灯笼泡椒味豆花,2
2025/12/6,经典麻辣豆花,15
2025/12/30,蒜香味,4
2025/12/29,烤羊肉串（2串起烤）,56
2025/12/7,大红灯笼味豆花黔鱼（外卖）,4
2025/12/30,朝日生啤,1
2025/12/2,朝日生啤,3
2025/12/10,朝日生啤,10
2025/12/2,朝日生啤,4
2025/12/9,朝日生啤,6
2025/12/18,朝日生啤,6
2025/12/11,朝日生啤,10
2025/12/12,朝日生啤,17
2025/12/10,朝日生啤,2
2025/12/1,朝日生啤,4
2025/12/14,青柠酸辣豆花,2
2025/12/1,朝日生啤,3
2025/12/6,朝日生啤,3
2025/12/9,朝日生啤,3
2025/12/3,朝日生啤,1
2025/12/14,朝日生啤,1
2025/12/22,朝日生啤,1
2025/12/13,烤羊肉串（2串起烤）,129
2025/12/13,香辣花甲,5
2025/12/6,可乐（外卖）,4
2025/12/26,菠萝小油条,7
2025/12/30,芒果雪花冰,2
2025/12/26,朝日生啤,3
2025/12/14,青椒豆花烤鱼（外卖）,5
2025/12/12,小份蒜香味烤鱼（黑豆花）,1
2025/12/27,蒜香味,4
2025/12/7,宜宾把把烧,16
2025/12/14,朝日生啤,5
2025/12/11,椒盐花生,3
2025/12/28,经典麻辣味,1
2025/12/11,朝日生啤,6
2025/12/31,烤鸡翅,38
2025/12/30,蒜香味豆花,2
2025/12/26,蒜香味豆花,1
2025/12/24,杨枝甘露,2
2025/12/9,蒜香味,3
2025/12/22,包浆豆腐,20
2025/12/29,朝日生啤,4
2025/12/10,翡翠青椒,2
2025/12/16,烤羊肉串（2串起烤）,51
2025/12/26,米饭,87
2025/12/1,营养儿童餐,3
2025/12/21,乡村酥肉（外卖）,2
2025/12/25,芒果雪花冰,3
2025/12/31,娃娃菜,5
2025/12/7,江团,1
2025/12/18,烤羊肉串（2串起烤）,53
2025/12/19,椒盐花生,1
2025/12/1,黔鱼,1
2025/12/25,烤羊肉串（2串起烤）,31
2025/12/7,杨枝甘露,4
2025/12/18,乡村酥肉,21
2025/12/22,蒜香豆花黔鱼（外卖）,1
2025/12/12,大红灯笼泡椒味,2
2025/12/8,麻辣烤鱼肥肠组合（青笋+卤肥肠+土豆片）,4
2025/12/24,烤虾,15
2025/12/6,凤梨百香果绿茶,13
2025/12/31,掌中宝（外卖）,34
2025/12/30,麻辣豆花烤鱼（外卖）,19
2025/12/26,美好火腿肠,3
2025/12/14,经典麻辣豆花,43
2025/12/16,朝日生啤,3
2025/12/7,宜宾把把烧,26
2025/12/14,烤鸡脚（外卖）,5
2025/12/8,蒜香味,4
2025/12/22,麻辣豆花烤鱼（外卖）,10
2025/12/27,青椒味豆花海鲈鱼（外卖）,1
2025/12/4,朝日生啤,1
2025/12/14,椒麻鸡翅尖（外卖，份）,2
2025/12/22,包浆豆腐,23
2025/12/12,朝日生啤,17
2025/12/24,朝日生啤,1
2025/12/28,香辣花甲（外卖）,2
2025/12/1,大红灯笼泡椒味,2
2025/12/7,杨枝甘露,4
2025/12/8,大红灯笼泡椒味,2
2025/12/26,朝日生啤,5
2025/12/18,小份青椒味烤鱼（黑豆花）,2
2025/12/3,烤羊肉串（2串起烤）,41
2025/12/23,椒盐花生,2
2025/12/5,四川冷箭笋,4
2025/12/9,蒜香味,6
2025/12/19,大红灯笼泡椒味豆花,2
2025/12/17,朝日生啤,3
2025/12/21,下酒煮花生,1
2025/12/26,下酒煮花生,1
2025/12/20,下酒煮花生,2
2025/12/10,翡翠青椒,2
2025/12/21,朝日生啤,4
2025/12/12,烤羊肉串（2串起烤）,31
2025/12/26,蒜香味豆花,7
2025/12/12,青柠酸辣,1
2025/12/7,朝日生啤,6
2025/12/30,小份蒜香味烤鱼（黑豆花）,1
2025/12/31,娃娃菜（外卖）,1
2025/12/14,可乐（外卖）,3
2025/12/21,芒果雪花冰,1
2025/12/4,椒麻鸡翅尖（外卖，份）,1
2025/12/20,红糖小糍粑,8
2025/12/26,翡翠青椒豆花,5
2025/12/28,可乐（外卖）,2
2025/12/24,芒果雪花冰,1
2025/12/5,烧椒烤茄子,4
2025/12/18,椒盐花生,1
2025/12/11,下酒煮花生,3
2025/12/26,翡翠青椒,9
2025/12/26,麻辣豆花烤鱼（外卖）,19
2025/12/27,可乐（外卖）,11
2025/12/19,蒜香味,2
2025/12/14,椒盐花生,1
2025/12/24,杨枝甘露-花傲天同款,1
2025/12/24,杨枝甘露-花傲天同款,5
2025/12/31,包浆豆腐,20
2025/12/29,椒盐花生,1
2025/12/24,杨枝甘露-花傲天同款,2
2025/12/11,芒果雪花冰,1
2025/12/9,下酒煮花生,2
2025/12/19,下酒煮花生,2
2025/12/13,朝日生啤,1
2025/12/13,朝日生啤,1
2025/12/18,杨枝甘露-花傲天同款,3
2025/12/5,椒盐花生,5
2025/12/18,杨枝甘露-花傲天同款,3
2025/12/10,杨枝甘露,5
2025/12/20,芒果雪花冰,4
2025/12/18,杨枝甘露-花傲天同款,1
2025/12/11,包浆豆腐,1
2025/12/29,朝日生啤,1
2025/12/14,蒜香味豆花,8
2025/12/1,翡翠青椒豆花,2
2025/12/26,经典麻辣豆花,21
2025/12/30,蒜香豆花黔鱼（外卖）,3
2025/12/11,香糯烤鸡脚,14
2025/12/17,小份青椒味烤鱼（黑豆花）,2
2025/12/25,老坛酸菜,1
2025/12/19,青柠酸辣,2
2025/12/22,椒盐花生,2
2025/12/5,红糖小糍粑,13
2025/12/16,掌中宝（外卖）,4
2025/12/13,芒果雪花冰,2
2025/12/3,烤五花肉,6
2025/12/10,翡翠青椒豆花,1
2025/12/19,凤梨百香果绿茶,6
2025/12/6,青柠酸辣,2
2025/12/16,乡村酥肉,18
2025/12/13,杨枝甘露,1
2025/12/14,翡翠青椒,9
2025/12/7,蒜香味,6
2025/12/14,酸菜豆花烤鱼（外卖）,3
2025/12/6,香辣花甲,10
2025/12/1,经典麻辣豆花,5
2025/12/2,菠萝小油条,7
2025/12/5,乡村酥肉,27
2025/12/17,下酒煮花生,1
2025/12/30,椒盐花生,2
2025/12/14,大红灯笼味豆花黔鱼（外卖）,1
2025/12/6,烧椒烤茄子,10
2025/12/26,凤梨百香果绿茶,10
2025/12/3,掌中宝（外卖）,4
2025/12/13,蒜香味,5
2025/12/27,翡翠青椒豆花,2
2025/12/20,烤羊肉串（2串起烤）,100
2025/12/22,丝瓜,1
2025/12/22,宜宾把把烧,3
2025/12/24,小份青椒味烤鱼（黑豆花）,2
2025/12/28,烤虾,44
2025/12/31,烤羊肉串（2串起烤）,137
2025/12/5,小份青椒味烤鱼（黑豆花）,2
2025/12/2,蒜香排骨,28
2025/12/11,四川冷箭笋,2
2025/12/23,翡翠青椒,1
2025/12/7,大红灯笼泡椒味,1
2025/12/9,宜宾把把烧,5
2025/12/3,红糖糍粑,1
2025/12/13,蒜香排骨,76
2025/12/11,包浆豆腐,7
2025/12/2,青柠酸辣,1
2025/12/14,大红灯笼泡椒味,9
2025/12/26,蒜香味,7
2025/12/20,掌中宝（外卖）,13
2025/12/19,小份麻辣味烤鱼（黑豆花）,11
2025/12/12,香辣鱿鱼须,6
2025/12/9,大红灯笼泡椒味,4
2025/12/23,美好火腿肠,6
2025/12/5,朝日生啤,4
2025/12/7,香糯烤鸡脚,35
2025/12/23,烧椒烤茄子,3
2025/12/3,蒜香排骨,57
2025/12/30,烤虾,10
2025/12/15,芒果雪花冰,2
2025/12/22,翡翠青椒,7
2025/12/23,烤虾,16
2025/12/15,朝日生啤,4
2025/12/23,芒果雪花冰,2
2025/12/30,烧椒烤茄子,8
2025/12/11,可乐（外卖）,3
2025/12/24,米饭（外卖）,12
2025/12/16,芒果雪花冰,4
2025/12/9,芒果雪花冰,2
2025/12/13,下酒煮花生,2
2025/12/4,蒜香排骨,42
2025/12/15,丝瓜,1
2025/12/4,蒜香味,2
2025/12/11,掌中宝（2串起烤）,20
2025/12/8,蒜香排骨,23
2025/12/11,蒜香排骨,35
2025/12/14,麻辣豆花烤鱼（外卖）,44
2025/12/14,老坛酸菜,4
2025/12/14,蒜香味,4
2025/12/22,经典麻辣豆花,11
2025/12/27,翡翠青椒,2
2025/12/24,掌中宝（2串起烤）,39
2025/12/19,翡翠青椒豆花,5
2025/12/10,掌中宝（2串起烤）,14
2025/12/18,掌中宝（2串起烤）,18
2025/12/11,烧椒烤茄子,8
2025/12/13,经典麻辣味,1
2025/12/21,掌中宝（外卖）,8
2025/12/19,蒜香味,3
2025/12/2,杨枝甘露,11
2025/12/12,下酒煮花生,2
2025/12/6,娃哈哈苏打水（外卖）,2
2025/12/2,可乐（外卖）,1
2025/12/3,小份麻辣味烤鱼（黑豆花）,5
2025/12/5,蒜香味,2
2025/12/17,香辣鱿鱼须,7
2025/12/24,椒盐花生,5
2025/12/15,宜宾把把烧,4
2025/12/10,经典麻辣味豆花,10
2025/12/24,小份麻辣味烤鱼（黑豆花）,4
2025/12/6,娃娃菜,3
2025/12/30,乡村酥肉,25
2025/12/12,大红灯笼泡椒味,4
2025/12/19,蒜香味豆花,3
2025/12/7,烧椒烤茄子,9
2025/12/9,蒜香排骨,14
2025/12/26,烤虾,17
2025/12/1,大红灯笼味豆花黔鱼（外卖）,1
2025/12/1,椒盐花生,2
2025/12/6,烤鸡翅,12
2025/12/25,乡村酥肉,17
2025/12/16,大红灯笼泡椒味,1
2025/12/27,蒜香味,8
2025/12/12,米饭（外卖）,28
2025/12/22,宜宾把把烧,11
2025/12/13,掌中宝（外卖）,12
2025/12/16,小份麻辣味烤鱼（黑豆花）,7
2025/12/2,丝瓜,1
2025/12/1,小份蒜香味烤鱼（黑豆花）,1
2025/12/20,乡村酥肉（外卖）,3
2025/12/7,乡村酥肉,31
2025/12/7,烤鸡脚（外卖）,5
2025/12/6,蒜香排骨,62
2025/12/16,小份红灯笼味烤鱼（黑豆花）,1
2025/12/25,烧椒烤茄子,1
2025/12/10,青柠酸辣豆花,2
2025/12/3,小份蒜香味烤鱼（黑豆花）,1
2025/12/10,蒜香排骨,28
2025/12/3,烧椒烤茄子,5
2025/12/13,杨枝甘露,3
2025/12/20,宜宾把把烧,10
2025/12/28,烤五花（外卖）,15
2025/12/24,掌中宝（外卖）,6
2025/12/29,宜宾把把烧,19
2025/12/15,小份麻辣味烤鱼（黑豆花）,5
2025/12/30,老坛酸菜,1
2025/12/12,蒜香排骨,31
2025/12/26,翡翠青椒,5
2025/12/12,青柠酸辣,5
2025/12/19,杨枝甘露,6
2025/12/22,小份青椒味烤鱼（黑豆花）,1
2025/12/7,蒜香排骨,57
2025/12/11,小份麻辣味烤鱼（黑豆花）,4
2025/12/21,芒果雪花冰,6
2025/12/26,杨枝甘露-花傲天同款,3
2025/12/26,杨枝甘露-花傲天同款,1
2025/12/11,包浆豆腐,42
2025/12/13,芒果雪花冰,2
2025/12/12,宜宾把把烧,7
2025/12/5,小份麻辣味烤鱼（黑豆花）,6
2025/12/8,掌中宝（外卖）,10
2025/12/25,烤五花肉,11
2025/12/23,青柠酸辣,2
2025/12/24,红糖小糍粑,11
2025/12/18,小份麻辣味烤鱼（黑豆花）,9
2025/12/7,乡村酥肉（外卖）,6
2025/12/7,芒果雪花冰,4
2025/12/21,宜宾把把烧,9
2025/12/22,下酒煮花生,3
2025/12/6,烤五花肉,31
2025/12/10,经典麻辣豆花,4
2025/12/29,杨枝甘露-花傲天同款,3
2025/12/29,杨枝甘露-花傲天同款,1
2025/12/3,宜宾把把烧,10
2025/12/13,宜宾把把烧,31
2025/12/18,芒果雪花冰,2
2025/12/2,蒜香味,2
2025/12/23,老坛酸菜,1
2025/12/8,烧椒烤茄子,3
2025/12/5,椒麻鸡翅尖,13
2025/12/4,烧椒烤茄子,5
2025/12/25,芒果雪花冰,3
2025/12/21,宜宾把把烧,28
2025/12/20,米饭（外卖）,25
2025/12/5,翡翠青椒豆花,3
2025/12/31,烤鸡翅,3
2025/12/7,凤梨百香果绿茶,12
2025/12/15,翡翠青椒,1
2025/12/31,烤生蚝,28
2025/12/16,宜宾把把烧,11
2025/12/28,凤梨百香果绿茶,10
2025/12/1,小份麻辣味烤鱼（黑豆花）,6
2025/12/26,可乐（外卖）,1
2025/12/15,杨枝甘露-花傲天同款,1
2025/12/7,尽情撸串把把烧套餐（50串）(外卖),3
2025/12/11,烤鸡脚（外卖）,3
2025/12/15,杨枝甘露-花傲天同款,1
2025/12/18,宜宾把把烧,12
2025/12/24,下酒煮花生,2
2025/12/24,宜宾把把烧,21
2025/12/7,杨枝甘露,2
2025/12/30,麻辣烤鱼肥肠组合（青笋+卤肥肠+土豆片）,8
2025/12/17,烧椒烤茄子,3
2025/12/1,可乐（外卖）,1
2025/12/25,宜宾把把烧,13
2025/12/28,朝日生啤,2
2025/12/14,香辣花甲,14
2025/12/16,芒果雪花冰,1
2025/12/6,乡村酥肉,33
2025/12/1,烧椒烤茄子,1
2025/12/9,宜宾把把烧,8
2025/12/14,蒜香味,13
2025/12/19,红糖小糍粑,6
2025/12/10,杨枝甘露,13
2025/12/31,翡翠青椒,1
2025/12/5,朝日生啤,6
2025/12/8,小份酸菜味烤鱼（黑豆花）,2
2025/12/20,宜宾把把烧,29
2025/12/16,杨枝甘露-花傲天同款,2
2025/12/23,椒麻鸡翅尖（外卖，个）,24
2025/12/16,杨枝甘露-花傲天同款,2
2025/12/3,杨枝甘露-花傲天同款,2
2025/12/27,香辣花甲（外卖）,1
2025/12/21,香辣鱿鱼须,4
2025/12/9,杨枝甘露-花傲天同款,2
2025/12/9,杨枝甘露-花傲天同款,1
2025/12/5,酸菜豆花烤鱼（外卖）,4
2025/12/5,经典麻辣味豆花,23
2025/12/8,芝士烤红薯,23
2025/12/10,大红灯笼泡椒味,1
2025/12/9,掌中宝（外卖）,8
2025/12/6,香辣花甲（外卖）,2
2025/12/6,宜宾把把烧,33
2025/12/2,小份蒜香味烤鱼（黑豆花）,2
2025/12/30,乡村酥肉（外卖）,1
2025/12/9,乡村酥肉（外卖）,2
2025/12/5,蒜香味豆花,2
2025/12/9,烤羊肉串（2串起烤）,34
2025/12/26,大红灯笼味豆花黔鱼（外卖）,1
2025/12/5,小份蒜香味烤鱼（黑豆花）,2
2025/12/12,杨枝甘露-花傲天同款,1
2025/12/10,娃娃菜,3
2025/12/4,芒果雪花冰,5
2025/12/19,翡翠青椒,1
2025/12/19,小份酸菜味烤鱼（黑豆花）,1
2025/12/5,乡村酥肉（外卖）,3
2025/12/5,青椒豆花烤鱼（外卖）,9
2025/12/22,四川冷箭笋,1
2025/12/11,烤五花肉,17
2025/12/10,椒盐花生,1
2025/12/15,米饭（外卖）,25
2025/12/31,凤梨烤牛肉,70
2025/12/6,芒果雪花冰,5
2025/12/16,烧椒烤茄子,2
2025/12/13,宜宾把把烧,7
2025/12/9,经典麻辣豆花,5
2025/12/18,烧椒烤茄子,3
2025/12/11,小份蒜香味烤鱼（黑豆花）,4
2025/12/15,烧椒烤茄子,1
2025/12/19,掌中宝（2串起烤）,44
2025/12/30,椒麻鸡翅尖,11
2025/12/1,翡翠青椒,1
2025/12/14,蒜香豆花黔鱼（外卖）,9
2025/12/1,凤梨百香果绿茶,8
2025/12/19,烧椒烤茄子,5
2025/12/4,小份青椒味烤鱼（黑豆花）,1
2025/12/4,芒果雪花冰,5
2025/12/23,小份麻辣味烤鱼（黑豆花）,8
2025/12/13,米饭（外卖）.,1
2025/12/23,小份青椒味烤鱼（黑豆花）,4
2025/12/7,宜宾把把烧(外卖半份),1
2025/12/11,芒果雪花冰,6
2025/12/26,蒜香豆花黔鱼（外卖）,7
2025/12/19,香辣花甲,5
2025/12/25,乡村酥肉（外卖）,1
2025/12/23,凤梨烤牛肉,22
2025/12/14,宜宾把把烧,23
2025/12/22,小份麻辣味烤鱼（黑豆花）,7
2025/12/16,小份蒜香味烤鱼（黑豆花）,1
2025/12/9,芒果雪花冰,3
2025/12/28,香辣鱿鱼须,4
2025/12/24,烧椒烤茄子,10
2025/12/17,芝士烤红薯,32
2025/12/17,小份麻辣味烤鱼（黑豆花）,8
2025/12/1,黑椒猪颈肉（2串起烤）,43
2025/12/25,宜宾把把烧,9
2025/12/27,朝日生啤,4
2025/12/12,香辣鱿鱼须（外卖）,4
2025/12/8,营养儿童餐,2
2025/12/20,朝日生啤,7
2025/12/6,烤羊肉串（2串起烤）,139
2025/12/27,丝瓜,3
2025/12/10,蒜香味,1
2025/12/18,小份蒜香味烤鱼（黑豆花）,2
2025/12/11,蒜香味,1
2025/12/3,宜宾把把烧,5
2025/12/29,烤虾,12
2025/12/19,杨枝甘露,15
2025/12/6,宜宾把把烧,10
2025/12/28,烧椒烤茄子,13
2025/12/30,烤羊肉串（2串起烤）,89
2025/12/10,蒜香味,1
2025/12/24,小份蒜香味烤鱼（黑豆花）,2
2025/12/1,大红灯笼泡椒味,1
2025/12/21,杨枝甘露-花傲天同款,5
2025/12/21,杨枝甘露-花傲天同款,3
2025/12/15,芒果雪花冰,3
2025/12/6,杨枝甘露,3
2025/12/29,烧椒烤茄子,8
2025/12/15,尽情撸串把把烧套餐（50串）(外卖),2
2025/12/10,杨枝甘露,12
2025/12/30,掌中宝（2串起烤）,20
2025/12/6,芒果雪花冰,15
2025/12/27,大红灯笼泡椒味,2
2025/12/11,麻辣烤鱼肥肠组合（青笋+卤肥肠+土豆片）,10
2025/12/8,大红灯笼泡椒味,1
2025/12/11,香辣鱿鱼须,8
2025/12/6,菠萝小油条,15
2025/12/26,大红灯笼泡椒味豆花,1
2025/12/19,经典麻辣味,3
2025/12/29,宜宾把把烧,1
2025/12/22,朝日生啤,8
2025/12/9,烤五花（外卖）,6
2025/12/23,掌中宝（外卖）,12
2025/12/6,乡村酥肉（外卖）,2
2025/12/2,烧椒烤茄子,3
2025/12/15,杨枝甘露,6
2025/12/22,小份蒜香味烤鱼（黑豆花）,3
2025/12/30,百威罐装,2
2025/12/6,青柠酸辣,1
2025/12/8,椒盐花生,1
2025/12/26,香辣花甲（外卖）,1
2025/12/8,营养儿童餐,2
2025/12/6,杨枝甘露-花傲天同款,2
2025/12/6,杨枝甘露-花傲天同款,4
2025/12/6,杨枝甘露-花傲天同款,4
2025/12/10,青柠气泡,4
2025/12/5,老坛酸菜,2
2025/12/1,丝瓜,3
2025/12/14,宜宾把把烧,9
2025/12/2,红糖小糍粑,4
2025/12/16,宜宾把把烧,8
2025/12/3,芒果雪花冰,4
2025/12/14,香辣花甲（外卖）,2
2025/12/15,宜宾把把烧,12
2025/12/22,尽情撸串把把烧套餐（50串）(外卖),1
2025/12/29,尽情撸串把把烧套餐（50串）(外卖),1
2025/12/11,掌中宝（外卖）,4
2025/12/9,烧椒烤茄子,3
2025/12/8,小份青椒味烤鱼（黑豆花）,2
2025/12/23,小份蒜香味烤鱼（黑豆花）,2
2025/12/24,宜宾把把烧,7
2025/12/1,小份青椒味烤鱼（黑豆花）,1
2025/12/19,小份青椒味烤鱼（黑豆花）,4
2025/12/5,经典麻辣豆花,37
2025/12/17,杨枝甘露,2
2025/12/19,掌中宝（外卖）,8
2025/12/24,杨枝甘露,13
2025/12/5,菠萝小油条,10
2025/12/29,杨枝甘露,9
2025/12/1,海鲈鱼,1
2025/12/1,青柠酸辣,1
2025/12/21,杨枝甘露,2
2025/12/8,美好火腿肠,2
2025/12/10,香辣花甲,3
2025/12/6,朝日生啤,8
2025/12/4,经典麻辣味豆花,20
2025/12/13,宜宾把把烧(外卖半份),1
2025/12/27,香辣花甲,3
2025/12/23,杨枝甘露-花傲天同款,2
2025/12/2,芒果雪花冰,1
2025/12/7,蒜香味,5
2025/12/31,麻辣烤鱼肥肠组合（青笋+卤肥肠+土豆片）,13
2025/12/6,烤鸡翅,25
2025/12/8,芒果雪花冰,5
2025/12/14,黑椒猪颈肉（2串起烤）,162
2025/12/23,宜宾把把烧(外卖半份),1
2025/12/3,米饭,66
2025/12/12,尽情撸串把把烧套餐（50串）(外卖),2
2025/12/31,烤鸡翅,4
2025/12/9,香辣鱿鱼须,2
2025/12/31,芝士烤红薯,58
2025/12/28,香辣鱿鱼须（外卖）,2
2025/12/17,杨枝甘露-花傲天同款,2
2025/12/17,杨枝甘露-花傲天同款,3
2025/12/14,芒果雪花冰,4
2025/12/17,杨枝甘露-花傲天同款,1
2025/12/4,凤梨百香果绿茶,6
2025/12/6,尽情撸串把把烧套餐（50串）(外卖),2
2025/12/5,麻辣烤鱼肥肠组合（青笋+卤肥肠+土豆片）,6
2025/12/26,百威罐装,5
2025/12/7,烤五花（外卖）,21
2025/12/26,大红灯笼泡椒味,3
2025/12/5,翡翠青椒,3
2025/12/16,香辣花甲（外卖）,1
2025/12/21,宜宾把把烧(外卖半份),3
2025/12/26,蒜香味,2
2025/12/21,杨枝甘露,8
2025/12/3,香辣鱿鱼须,2
2025/12/22,丝瓜,1
2025/12/12,宜宾把把烧,14
2025/12/19,精酿德式小麦,12
2025/12/10,蒜香味豆花,1
2025/12/5,人气搭配(四川冷箭笋+土豆片+魔芋),1
2025/12/31,青椒味豆花海鲈鱼（外卖）,4
2025/12/3,米饭（外卖）,13
2025/12/31,卤味豆干+银针菇（素菜搭配C）,4
2025/12/5,大红灯笼泡椒味,3
2025/12/28,红糖小糍粑,11
2025/12/29,米饭（外卖）,11
2025/12/19,菠萝小油条,9
2025/12/15,米饭,63
2025/12/5,青柠酸辣,4
2025/12/8,小份麻辣味烤鱼（黑豆花）,4
2025/12/11,椒麻鸡翅尖（外卖，个）,12
2025/12/24,米饭,94
2025/12/5,蒜香豆花黔鱼（外卖）,8
2025/12/4,米酒（半斤）,2
2025/12/28,凤梨烤牛肉,57
2025/12/28,烤鸡翅,14
2025/12/13,米饭,51
2025/12/18,宜宾把把烧(外卖半份),1
2025/12/9,宜宾把把烧(外卖半份),1
2025/12/2,杨枝甘露,8
2025/12/28,椒麻鸡翅尖（外卖，份）,1
2025/12/17,菠萝小油条,7
2025/12/22,乡村酥肉,23
2025/12/23,酸辣毛豆,1
2025/12/15,杨枝甘露,5
2025/12/17,椒麻鸡翅尖,12
2025/12/23,乡村酥肉,24
2025/12/21,香糯烤鸡脚,35
2025/12/30,凤梨百香果绿茶,10
2025/12/5,麻辣豆花烤鱼（外卖）,21
2025/12/5,黔鱼,2
2025/12/20,尽情撸串把把烧套餐（50串）(外卖),4
2025/12/4,经典麻辣味豆花,10
2025/12/6,宜宾把把烧(外卖半份),2
2025/12/9,米饭（外卖）,8
2025/12/5,大红灯笼味豆花黔鱼（外卖）,1
2025/12/31,翡翠青椒,3
2025/12/19,小份蒜香味烤鱼（黑豆花）,1
2025/12/18,米饭（外卖）,8
2025/12/31,椒麻鸡翅尖（外卖，份）,8
2025/12/16,米饭（外卖）,5
2025/12/26,老坛酸菜,3
2025/12/2,麻辣烤鱼肥肠组合（青笋+卤肥肠+土豆片）,2
2025/12/17,烧椒烤茄子,3
2025/12/8,小份蒜香味烤鱼（黑豆花）,2
2025/12/1,香辣花甲,4
2025/12/20,宜宾把把烧(外卖半份),1
2025/12/13,米饭（外卖）,38
2025/12/28,烤五花肉,21
2025/12/19,杨枝甘露,30
2025/12/5,蒜香味,11
2025/12/14,青柠酸辣,9
2025/12/22,翡翠青椒豆花,2
2025/12/19,香辣花甲（外卖）,1
2025/12/15,杨枝甘露,8
2025/12/31,翡翠青椒豆花,3
2025/12/6,香辣鱿鱼须,6
2025/12/20,香辣鱿鱼须,13
2025/12/18,香辣鱿鱼须,1
2025/12/14,宜宾把把烧(外卖半份),3
2025/12/25,红糖小糍粑,5
2025/12/25,宜宾把把烧(外卖半份),1
2025/12/22,烧椒烤茄子,5
2025/12/9,米饭,59
2025/12/24,香辣鱿鱼须,6
2025/12/4,经典麻辣豆花,11
2025/12/24,尽情撸串把把烧套餐（50串）(外卖),1
2025/12/11,烧椒烤茄子,2
2025/12/20,米饭,75
2025/12/6,杨枝甘露,4
2025/12/18,香辣鱿鱼须,2
2025/12/21,香辣鱿鱼须（外卖）,2
2025/12/14,麻辣烤鱼肥肠组合（青笋+卤肥肠+土豆片）,5
2025/12/2,乡村酥肉,16
2025/12/10,香辣花甲（外卖）,1
2025/12/4,经典麻辣豆花,33
2025/12/1,翡翠青椒,2
2025/12/14,凤梨百香果绿茶,14
2025/12/25,米饭,81
2025/12/31,魔芋,14
2025/12/31,魔芋,26
2025/12/24,杨枝甘露,12
2025/12/27,下酒煮花生,1
2025/12/14,芒果雪花冰,9
2025/12/2,芒果雪花冰,2
2025/12/17,宜宾把把烧,15
2025/12/25,烤虾,21
2025/12/16,米饭,66
2025/12/9,尽情撸串把把烧套餐（50串）(外卖),2
2025/12/23,烧椒烤茄子,7
2025/12/22,经典麻辣味豆花,16
2025/12/8,烤五花（外卖）,20
2025/12/18,杨枝甘露,15
2025/12/29,椒麻鸡翅尖（外卖，个）,24
2025/12/3,椒麻鸡翅尖（外卖，个）,12
2025/12/25,香辣鱿鱼须,8
2025/12/10,蒜香味,4
2025/12/27,营养儿童餐,11
2025/12/9,烧椒烤茄子,6
2025/12/23,小份酸菜味烤鱼（黑豆花）,2
2025/12/13,椒麻鸡翅尖（外卖，个）,12
2025/12/4,菠萝小油条,5
2025/12/20,芒果雪花冰,7
2025/12/18,杨枝甘露,17
2025/12/22,麻辣烤鱼肥肠组合（青笋+卤肥肠+土豆片）,4
2025/12/21,椒麻鸡翅尖（外卖，个）,12
2025/12/30,烧椒烤茄子,8
2025/12/8,烧椒烤茄子,4
2025/12/3,烤鱿鱼须(2串起烤),10
2025/12/26,小份酸菜味烤鱼（黑豆花）,2
2025/12/29,烧椒烤茄子,6
2025/12/25,烧椒烤茄子,7
2025/12/24,烧椒烤茄子,1
2025/12/16,香辣鱿鱼须,4
2025/12/17,宜宾把把烧,4
2025/12/22,杨枝甘露-花傲天同款,1
2025/12/22,杨枝甘露-花傲天同款,4
2025/12/14,经典麻辣味,2
2025/12/9,凤梨烤牛肉,13
2025/12/21,杨枝甘露,1
2025/12/4,麻辣豆花烤鱼（外卖）,6
2025/12/31,魔芋（外卖）,36
2025/12/29,米饭,77
2025/12/31,人气搭配（四川冷箭笋+土豆片+魔芋）,24
2025/12/29,香辣鱿鱼须,4
2025/12/21,凤梨烤牛肉,21
2025/12/29,芒果雪花冰,3
2025/12/21,米饭,56
2025/12/22,烤五花肉,5
2025/12/16,杨枝甘露,11
2025/12/12,凤梨烤牛肉,12
2025/12/31,包浆豆腐,1
2025/12/31,青椒豆花烤鱼（外卖）,6
2025/12/5,香糯烤鸡脚,36
2025/12/22,烤虾,5
2025/12/24,香糯烤鸡脚,26
2025/12/11,营养儿童餐,3
2025/12/12,米饭,53
2025/12/8,杨枝甘露-花傲天同款,1
2025/12/8,杨枝甘露-花傲天同款,3
2025/12/21,青柠气泡,4
2025/12/22,蒜香味豆花,1
2025/12/30,芝士烤红薯,29
2025/12/26,小份麻辣味烤鱼（黑豆花）,15
2025/12/10,小份麻辣味烤鱼（黑豆花）,10
2025/12/5,烤鱿鱼须（外卖）,4
2025/12/23,朝日生啤,8
2025/12/9,杨枝甘露,12
2025/12/6,杨枝甘露,2
2025/12/7,烤五花肉,20
2025/12/31,人气搭配（四川冷箭笋+土豆片+魔芋）,16
2025/12/29,杨枝甘露,12
2025/12/24,凤梨烤牛肉,20
2025/12/20,凤梨烤牛肉,29
2025/12/11,营养儿童餐,4
2025/12/23,烤羊肉串（2串起烤）,54
2025/12/8,朝日生啤,5
2025/12/22,经典麻辣豆花,8
2025/12/16,杨枝甘露,5
2025/12/2,乡村酥肉（外卖）,1
2025/12/11,杨枝甘露-花傲天同款,2
2025/12/5,芒果雪花冰,3
2025/12/11,杨枝甘露-花傲天同款,1
2025/12/26,杨枝甘露,13
2025/12/26,杨枝甘露,11
2025/12/2,烤五花（外卖）,5
2025/12/13,凤梨烤牛肉,35
2025/12/12,杨枝甘露,6
2025/12/6,营养儿童餐,10
2025/12/3,杨枝甘露,12
2025/12/28,烤鸡翅,18
2025/12/29,香辣鱿鱼须（外卖）,1
2025/12/31,小份麻辣味烤鱼（黑豆花）,10
2025/12/16,杨枝甘露,10
2025/12/18,椒麻鸡翅尖（外卖，个）,12
2025/12/26,芒果雪花冰,5
2025/12/31,青笋,15
2025/12/14,尽情撸串把把烧套餐（50串）(外卖),3
2025/12/26,杨枝甘露,19
2025/12/19,香糯烤鸡脚,25
2025/12/7,椒麻鸡翅尖（外卖，个）,12
2025/12/31,翡翠青椒豆花,1
2025/12/12,杨枝甘露,10
2025/12/30,菠萝小油条,11
2025/12/15,烤鸡翅,2
2025/12/22,烧椒烤茄子,2
2025/12/18,烤鸡翅,3
2025/12/5,杨枝甘露-花傲天同款,1
2025/12/5,杨枝甘露-花傲天同款,3
2025/12/1,香辣花甲（外卖）,1
2025/12/6,凤梨烤牛肉,54
2025/12/1,芝士烤红薯,20
2025/12/19,香辣鱿鱼须,3
2025/12/27,芒果雪花冰,4
2025/12/15,烤鸡翅,16
2025/12/23,香糯烤鸡脚,21
2025/12/19,烤鸡脚（外卖）,3
2025/12/2,烤五花肉,10
2025/12/12,杨枝甘露,13
2025/12/30,掌中宝（外卖）,4
2025/12/26,大红灯笼泡椒味,5
2025/12/9,杨枝甘露,12
2025/12/17,凤梨百香果绿茶,14
2025/12/27,香辣鱿鱼须,12
2025/12/10,下酒煮花生,3
2025/12/18,凤梨烤牛肉,13
2025/12/29,杨枝甘露,20
2025/12/9,杨枝甘露,9
2025/12/14,烤五花（外卖）,18
2025/12/16,香糯烤鸡脚,20
2025/12/29,凤梨烤牛肉,12
2025/12/18,烤鸡翅,6
2025/12/10,乡村酥肉（外卖）,1
2025/12/15,营养儿童餐,1
2025/12/15,香糯烤鸡脚,16
2025/12/7,烤鱿鱼须(2串起烤),33
2025/12/23,杨枝甘露,9
2025/12/29,烤鸡翅,10
2025/12/12,芒果雪花冰,4
2025/12/31,小份蒜香味烤鱼（黑豆花）,2
2025/12/23,红糖小糍粑,4
2025/12/20,烤鸡翅,30
2025/12/17,芒果雪花冰,3
2025/12/7,凤梨烤牛肉,35
2025/12/8,烤五花肉,7
2025/12/22,芝士烤红薯,15
2025/12/6,烤鸡脚（外卖）,3
2025/12/18,米饭,83
2025/12/4,包浆豆腐,44
2025/12/6,香糯烤鸡脚,34
2025/12/10,青柠酸辣,1
2025/12/20,烤鸡翅,24
2025/12/22,芒果雪花冰,4
2025/12/15,大红灯笼泡椒味,1
2025/12/4,香辣花甲,3
2025/12/2,香糯烤鸡脚,18
2025/12/27,烤虾,46
2025/12/31,青笋条,28
2025/12/29,香糯烤鸡脚,22
2025/12/10,香辣鱿鱼须,8
2025/12/23,乡村酥肉（外卖）,1
2025/12/19,黑椒猪颈肉（2串起烤）,85
2025/12/15,香辣鱿鱼须（外卖）,1
2025/12/15,香辣鱿鱼须,4
2025/12/9,香糯烤鸡脚,14
2025/12/12,香糯烤鸡脚,19
2025/12/20,香辣鱿鱼须（外卖）,1
2025/12/25,烧椒烤茄子,5
2025/12/15,凤梨烤牛肉,19
2025/12/16,尽情撸串把把烧套餐（50串）(外卖),1
2025/12/31,小份酸菜味烤鱼（黑豆花）,3
2025/12/2,烧椒烤茄子,7
2025/12/16,凤梨烤牛肉,12
2025/12/13,香糯烤鸡脚,34
2025/12/5,烤鱿鱼须(2串起烤),19
2025/12/27,香辣鱿鱼须（外卖）,2
2025/12/5,大红灯笼泡椒味,1
2025/12/18,烤鸡翅,6
2025/12/31,香糯烤鸡脚,41
2025/12/24,芒果雪花冰,10
2025/12/23,可乐（外卖）,2
2025/12/17,烤五花肉,13
2025/12/2,烤鱿鱼须(2串起烤),12
2025/12/22,翡翠青椒,3
2025/12/25,朝日生啤,3
2025/12/15,烤鸡脚（外卖）,2
2025/12/13,烤鸡翅,21
2025/12/14,烤鸡翅,2
2025/12/17,杨枝甘露,10
2025/12/31,青笋（外卖）,80
2025/12/25,烤鸡翅,4
2025/12/12,烤鸡翅,8
2025/12/28,芒果雪花冰,3
2025/12/22,经典麻辣豆花,9
2025/12/31,香辣鱿鱼须,6
2025/12/3,凤梨烤牛肉,6
2025/12/5,烤鸡脚（外卖）,1
2025/12/31,四川冷箭笋,2
2025/12/29,营养儿童餐,4
2025/12/27,杨枝甘露-花傲天同款,1
2025/12/7,凤梨百香果绿茶,2
2025/12/12,烤鸡脚（外卖）,2
2025/12/27,杨枝甘露-花傲天同款,2
2025/12/9,椒麻鸡翅尖（外卖，个）,12
2025/12/27,杨枝甘露-花傲天同款,4
2025/12/23,杨枝甘露,21
2025/12/28,椒麻鸡翅尖,16
2025/12/11,凤梨烤牛肉,22
2025/12/31,翡翠青椒,8
2025/12/1,麻辣烤鱼肥肠组合（青笋+卤肥肠+土豆片）,3
2025/12/17,香糯烤鸡脚,21
2025/12/18,烤鸡脚（外卖）,1
2025/12/29,烤鸡脚（外卖）,3
2025/12/25,凤梨烤牛肉,21
2025/12/10,椒麻鸡翅尖（外卖，个）,12
2025/12/26,小份蒜香味烤鱼（黑豆花）,2
2025/12/13,烤鸡翅,17
2025/12/21,烤鸡翅,23
2025/12/9,烤鸡翅,15
2025/12/9,烤鱿鱼须（外卖）,8
2025/12/14,菠萝小油条,12
2025/12/17,杨枝甘露,15
2025/12/17,尽情撸串把把烧套餐（50串）(外卖),3
2025/12/28,营养儿童餐,7
2025/12/21,尽情撸串把把烧套餐（50串）(外卖),1
2025/12/5,芝士烤红薯,27
2025/12/18,香糯烤鸡脚,18
2025/12/24,烤鸡翅,8
2025/12/20,椒麻鸡翅尖（外卖，个）,12
2025/12/23,杨枝甘露,6
2025/12/13,烤鸡脚（外卖）,5
2025/12/8,烤鱿鱼须(2串起烤),9
2025/12/17,乡村酥肉（外卖）,1
2025/12/1,香糯烤鸡脚,18
2025/12/7,烤鱿鱼须（外卖）,4
2025/12/10,小份蒜香味烤鱼（黑豆花）,3
2025/12/31,香辣鱿鱼须（外卖）,1
2025/12/2,掌中宝（2串起烤）,33
2025/12/12,椒麻鸡翅尖,8
2025/12/19,香辣鱿鱼须（外卖）,2
2025/12/12,营养儿童餐,1
2025/12/14,烤五花肉,15
2025/12/4,烤鱿鱼须（外卖）,4
2025/12/31,四川冷箭笋,5
2025/12/27,杨枝甘露,2
2025/12/27,杨枝甘露,8
2025/12/4,宜宾把把烧,4
2025/12/31,烤鸡脚（外卖）,11
2025/12/3,营养儿童餐,2
2025/12/16,营养儿童餐,1
2025/12/4,包浆豆腐,7
2025/12/16,烤鸡脚（外卖）,1
2025/12/9,营养儿童餐,1
2025/12/23,烤鸡脚（外卖）,2
2025/12/4,杨枝甘露-花傲天同款,1
2025/12/4,杨枝甘露-花傲天同款,2
2025/12/25,烤鸡翅,14
2025/12/2,烤鸡脚（外卖）,1
2025/12/31,四川冷箭笋（外卖）,7
2025/12/17,乡村酥肉,22
2025/12/8,凤梨百香果绿茶,7
2025/12/2,凤梨烤牛肉,35
2025/12/8,杨枝甘露,17
2025/12/4,香辣花甲（外卖）,1
2025/12/30,烤五花肉,15
2025/12/17,掌中宝（2串起烤）,18
2025/12/16,烤鸡翅,8
2025/12/29,烤鸡翅,1
2025/12/3,烤鸡翅,8
2025/12/16,米饭（外卖）.,2
2025/12/1,烤鸡脚（外卖）,5
2025/12/18,营养儿童餐,1
2025/12/6,营养儿童餐,17
2025/12/1,杨枝甘露-花傲天同款,2
2025/12/1,杨枝甘露-花傲天同款,1
2025/12/14,营养儿童餐,12
2025/12/21,烤鸡翅,8
2025/12/11,杨枝甘露,11
2025/12/17,椒麻鸡翅尖（外卖，个）,12
2025/12/25,营养儿童餐,1
2025/12/4,宜宾把把烧,13
2025/12/7,烤鸡翅,12
2025/12/1,菠萝小油条,9
2025/12/22,杨枝甘露,10
2025/12/8,朝日生啤,3
2025/12/4,小份麻辣味烤鱼（黑豆花）,6
2025/12/4,黔鱼,1
2025/12/27,香辣鱿鱼须,1
2025/12/5,杨枝甘露,9
2025/12/22,杨枝甘露,17
2025/12/14,烤羊肉串（2串起烤）,84
2025/12/1,卤肥肠,2
2025/12/1,掌中宝（2串起烤）,12
2025/12/29,营养儿童餐,2
2025/12/13,营养儿童餐,18
2025/12/31,乡村酥肉,45
2025/12/12,营养儿童餐,2
2025/12/9,烤鱿鱼须(2串起烤),10
2025/12/14,乡村酥肉,18
2025/12/10,乡村酥肉,15
2025/12/24,营养儿童餐,2
2025/12/28,营养儿童餐,14
2025/12/17,掌中宝（外卖）,8
2025/12/13,营养儿童餐,12
2025/12/8,杨枝甘露,3
2025/12/6,烤鱿鱼须（外卖）,12
2025/12/31,乡村酥肉（外卖）,6
2025/12/31,包浆豆腐,77
2025/12/21,营养儿童餐,9
2025/12/1,芒果雪花冰,1
2025/12/6,烤鱿鱼须(2串起烤),51
2025/12/26,包浆豆腐,49
2025/12/4,红糖小糍粑,4
2025/12/8,菠萝小油条,8
2025/12/1,凤梨烤牛肉,10
2025/12/31,椒麻鸡翅尖,17
2025/12/11,杨枝甘露,9
2025/12/26,包浆豆腐,15
2025/12/4,包浆豆腐,1
2025/12/31,下酒煮花生,3
2025/12/31,香辣花甲（外卖）,3
2025/12/11,杨枝甘露,1
2025/12/27,米饭（外卖）,39
2025/12/31,香辣花甲,14
2025/12/8,香糯烤鸡脚,18
2025/12/24,烤鸡翅,6
2025/12/14,烤鸡翅,34
2025/12/31,四川冷箭笋+银针菇（素菜搭配A）,1
2025/12/1,宜宾把把烧,8
2025/12/21,营养儿童餐,2
2025/12/20,香辣鱿鱼须,1
2025/12/1,烤鱿鱼须(2串起烤),2
2025/12/4,宜宾把把烧(外卖半份),2
2025/12/27,杨枝甘露,1
2025/12/5,杨枝甘露,2
2025/12/26,大红灯笼泡椒味,2
2025/12/4,凤梨烤牛肉,21
2025/12/28,杨枝甘露,1
2025/12/1,椒麻鸡翅尖（外卖，个）,24
2025/12/14,营养儿童餐,10
2025/12/30,香糯烤鸡脚,27
2025/12/5,掌中宝（外卖）,4
2025/12/31,宜宾把把烧,33
2025/12/9,美好火腿肠,2
2025/12/8,烤鸡脚（外卖）,2
2025/12/20,营养儿童餐,11
2025/12/2,掌中宝（外卖）,4
2025/12/1,宜宾把把烧,2
2025/12/14,乡村酥肉（外卖）,2
2025/12/25,营养儿童餐,3
2025/12/28,杨枝甘露-花傲天同款,1
2025/12/28,杨枝甘露-花傲天同款,3
2025/12/10,芒果雪花冰,5
2025/12/8,杨枝甘露,6
2025/12/30,烤鸡脚（外卖）,5
2025/12/1,烤鱿鱼须（外卖）,4
2025/12/28,杨枝甘露,6
2025/12/6,掌中宝（2串起烤）,45
2025/12/12,烤鸡翅,1
2025/12/14,香辣鱿鱼须,9
2025/12/3,杨枝甘露,6
2025/12/5,杨枝甘露,15
2025/12/4,营养儿童餐,2
2025/12/31,美好火腿肠,12
2025/12/26,烧椒烤茄子,9
2025/12/10,黑椒猪颈肉（2串起烤）,62
2025/12/18,杨枝甘露,5
2025/12/1,掌中宝（外卖）,16
2025/12/5,掌中宝（2串起烤）,16
2025/12/4,杨枝甘露,8
2025/12/30,凤梨烤牛肉,31
2025/12/28,杨枝甘露,1
2025/12/31,美好火腿肠,9
2025/12/8,香辣鱿鱼须,4
2025/12/14,凤梨烤牛肉,31
2025/12/22,香糯烤鸡脚,23
2025/12/31,宜宾把把烧(外卖半份),9
2025/12/31,尽情撸串把把烧套餐（50串）(外卖),5
2025/12/31,宜宾把把烧,8
2025/12/19,朝日生啤,2
2025/12/23,米饭（外卖）,4
2025/12/1,杨枝甘露,6
2025/12/8,香辣鱿鱼须（外卖）,1
2025/12/22,烤鸡脚（外卖）,1
2025/12/4,香糯烤鸡脚,21
2025/12/4,烤五花（外卖）,15
2025/12/10,香糯烤鸡脚,14
2025/12/7,青柠酸辣,1
2025/12/7,营养儿童餐,19
2025/12/14,红糖小糍粑,9
2025/12/31,小份青椒味烤鱼（黑豆花）,1
2025/12/1,尽情撸串把把烧套餐（50串）(外卖),3
2025/12/26,烧椒烤茄子,5
2025/12/1,杨枝甘露,8
2025/12/4,营养儿童餐,7
2025/12/5,营养儿童餐,7
2025/12/1,杨枝甘露,3
2025/12/6,掌中宝（外卖）,8
2025/12/7,烤鸡翅,26
2025/12/10,营养儿童餐,2
2025/12/26,芝士烤红薯,34
2025/12/22,椒麻鸡翅尖,4
2025/12/26,包浆豆腐,1
2025/12/31,烤五花（外卖）,40
2025/12/28,椒麻鸡翅尖（外卖，个）,12
2025/12/4,烤鸡脚（外卖）,1
2025/12/5,烤鸡翅,1
2025/12/2,烤羊肉串（2串起烤）,46
2025/12/14,香辣鱿鱼须（外卖）,1
2025/12/24,营养儿童餐,2
2025/12/18,营养儿童餐,4
2025/12/31,美好火腿肠（外卖）,12
2025/12/31,烤虾,36
2025/12/28,芒果雪花冰,3
2025/12/4,烤鸡翅,6
2025/12/2,营养儿童餐,1
2025/12/20,营养儿童餐,6
2025/12/29,烤鸡翅,1
2025/12/7,烤鸡翅,6
2025/12/24,凤梨百香果绿茶,0
2025/12/22,凤梨百香果绿茶,1
2025/12/26,凤梨百香果绿茶,1
2025/12/27,凤梨百香果绿茶,1
2025/12/16,手工黑豆花,1
2025/12/6,黔鱼,1
2025/12/23,长寿面,1
2025/12/8,长寿面,2
2025/12/25,长寿面,2
2025/12/2,米饭（外卖）.,0
2025/12/21,四川冷箭笋,0
2025/12/18,香辣花甲,2
2025/12/24,糍粑红糖冰粉,0
2025/12/8,蒜香豆花黔鱼（外卖）,0
2025/12/20,百威罐装,0
2025/12/19,可乐,2
2025/12/3,可乐,5
2025/12/19,可乐,10
2025/12/24,我爱凤爪（收藏打卡送）,0
2025/12/9,卤味豆干,1
2025/12/6,下酒煮花生,2
2025/12/13,香辣花甲（外卖）,1
2025/12/26,椒麻鸡翅尖（外卖，份）,0
2025/12/26,卤味豆干（外卖）,0
2025/12/10,手打柠檬,1
2025/12/12,手打柠檬,1
2025/12/17,手打柠檬,1
2025/12/27,手打柠檬,1
2025/12/28,手打柠檬,1
2025/12/30,手打柠檬,1
2025/12/3,手打柠檬,2
2025/12/26,手打柠檬,2
2025/12/18,加热烧开更好吃,14
2025/12/23,加热烧开更好吃,14
2025/12/4,加热烧开更好吃,15
2025/12/15,加热烧开更好吃,15
2025/12/1,加热烧开更好吃,16
2025/12/2,加热烧开更好吃,16
2025/12/10,加热烧开更好吃,16
2025/12/22,加热烧开更好吃,16
2025/12/17,加热烧开更好吃,17
2025/12/3,加热烧开更好吃,18
2025/12/24,加热烧开更好吃,18
2025/12/29,加热烧开更好吃,18
2025/12/9,加热烧开更好吃,19
2025/12/11,加热烧开更好吃,19
2025/12/30,加热烧开更好吃,28
2025/12/26,加热烧开更好吃,29
2025/12/12,加热烧开更好吃,30
2025/12/5,加热烧开更好吃,32
2025/12/19,加热烧开更好吃,33
2025/12/25,加热烧开更好吃,33
2025/12/6,加热烧开更好吃,36
2025/12/20,加热烧开更好吃,40
2025/12/21,加热烧开更好吃,46
2025/12/28,加热烧开更好吃,46
2025/12/13,加热烧开更好吃,50
2025/12/7,加热烧开更好吃,51
2025/12/14,加热烧开更好吃,55
2025/12/27,加热烧开更好吃,56
2025/12/16,加热烧开更好吃,7
2025/12/8,加热烧开更好吃,9
2025/12/31,加热烧开更好吃,95
2025/12/12,营业外收入,1
2025/12/20,营业外收入,1
2025/12/12,翡翠青椒,1
2025/12/2,翡翠青椒,0
2025/12/11,青柠酸辣,0
2025/12/4,老坛酸菜,1
2025/12/22,蒜香味,0
2025/12/15,营养儿童餐,0
2025/12/13,卤肥肠,0
2025/12/23,活润酸奶（打卡）,0
2025/12/8,活润酸奶（打卡）,2
2025/12/18,活润酸奶（打卡）,2
2025/12/25,活润酸奶（打卡）,3
2025/12/26,生日小蛋糕,1
2025/12/31,生日小蛋糕,1
2025/12/6,生日小蛋糕,10
2025/12/20,生日小蛋糕,10
2025/12/2,生日小蛋糕,2
2025/12/5,生日小蛋糕,2
2025/12/15,生日小蛋糕,2
2025/12/16,生日小蛋糕,2
2025/12/17,生日小蛋糕,2
2025/12/22,生日小蛋糕,2
2025/12/23,生日小蛋糕,2
2025/12/28,生日小蛋糕,2
2025/12/29,生日小蛋糕,2
2025/12/1,生日小蛋糕,3
2025/12/11,生日小蛋糕,3
2025/12/25,生日小蛋糕,3
2025/12/3,生日小蛋糕,4
2025/12/19,生日小蛋糕,4
2025/12/24,生日小蛋糕,4
2025/12/30,生日小蛋糕,4
2025/12/4,生日小蛋糕,5
2025/12/18,生日小蛋糕,5
2025/12/7,生日小蛋糕,6
2025/12/9,生日小蛋糕,6
2025/12/10,生日小蛋糕,6
2025/12/27,生日小蛋糕,6
2025/12/14,生日小蛋糕,7
2025/12/13,生日小蛋糕,9
2025/12/21,生日小蛋糕,9
2025/12/21,生日小蛋糕,10
2025/12/1,生日小蛋糕,11
2025/12/29,生日小蛋糕,11
2025/12/30,生日小蛋糕,11
2025/12/6,生日小蛋糕,12
2025/12/19,生日小蛋糕,12
2025/12/20,生日小蛋糕,12
2025/12/23,生日小蛋糕,12
2025/12/26,生日小蛋糕,12
2025/12/27,生日小蛋糕,13
2025/12/13,生日小蛋糕,14
2025/12/18,生日小蛋糕,15
2025/12/28,生日小蛋糕,15
2025/12/3,生日小蛋糕,2
2025/12/2,生日小蛋糕,3
2025/12/10,生日小蛋糕,3
2025/12/31,生日小蛋糕,3
2025/12/15,生日小蛋糕,4
2025/12/17,生日小蛋糕,5
2025/12/24,生日小蛋糕,5
2025/12/4,生日小蛋糕,6
2025/12/5,生日小蛋糕,6
2025/12/7,生日小蛋糕,6
2025/12/11,生日小蛋糕,6
2025/12/16,生日小蛋糕,6
2025/12/22,生日小蛋糕,7
2025/12/25,生日小蛋糕,7
2025/12/8,生日小蛋糕,8
2025/12/9,生日小蛋糕,9
2025/12/14,生日小蛋糕,9
2025/12/4,生日小蛋糕,1
2025/12/7,生日小蛋糕,1
2025/12/12,生日小蛋糕,1
2025/12/14,生日小蛋糕,1
2025/12/15,生日小蛋糕,1
2025/12/17,生日小蛋糕,1
2025/12/18,生日小蛋糕,1
2025/12/23,生日小蛋糕,1
2025/12/25,生日小蛋糕,1
2025/12/27,生日小蛋糕,1
2025/12/31,生日小蛋糕,1
2025/12/5,生日小蛋糕,2
2025/12/6,生日小蛋糕,2
2025/12/11,生日小蛋糕,2
2025/12/28,生日小蛋糕,2
2025/12/20,生日小蛋糕,3
2025/12/21,生日小蛋糕,3
2025/12/26,生日小蛋糕,4
2025/12/7,生日小蛋糕,1
2025/12/21,生日小蛋糕,1
2025/12/27,生日小蛋糕,1
2025/12/3,娃哈哈苏打水,6
2025/12/26,纸巾（外卖）,0
2025/12/10,拍黄瓜,1
2025/12/19,简爱酸奶（打卡）,10
2025/12/6,简爱酸奶（打卡）,11
2025/12/22,简爱酸奶（打卡）,11
2025/12/12,简爱酸奶（打卡）,12
2025/12/15,简爱酸奶（打卡）,12
2025/12/20,简爱酸奶（打卡）,12
2025/12/4,简爱酸奶（打卡）,14
2025/12/11,简爱酸奶（打卡）,16
2025/12/13,简爱酸奶（打卡）,18
2025/12/3,简爱酸奶（打卡）,2
2025/12/5,简爱酸奶（打卡）,2
2025/12/14,简爱酸奶（打卡）,20
2025/12/7,简爱酸奶（打卡）,21
2025/12/25,简爱酸奶（打卡）,23
2025/12/21,简爱酸奶（打卡）,24
2025/12/28,简爱酸奶（打卡）,27
2025/12/1,简爱酸奶（打卡）,3
2025/12/8,简爱酸奶（打卡）,4
2025/12/9,简爱酸奶（打卡）,4
2025/12/10,简爱酸奶（打卡）,4
2025/12/26,简爱酸奶（打卡）,4
2025/12/31,简爱酸奶（打卡）,4
2025/12/16,简爱酸奶（打卡）,5
2025/12/2,简爱酸奶（打卡）,7
2025/12/29,简爱酸奶（打卡）,7
2025/12/17,简爱酸奶（打卡）,9
2025/12/23,简爱酸奶（打卡）,9
2025/12/24,简爱酸奶（打卡）,9
2025/12/27,简爱酸奶（打卡）,9
2025/12/30,简爱酸奶（打卡）,9
2025/12/12,杨枝甘露-花傲天同款,0
2025/12/15,经典麻辣味,1
2025/12/29,经典麻辣味,1
2025/12/27,芒果雪花冰,2
2025/12/5,营养儿童餐,5
2025/12/31,醪糟冰汤圆,14
2025/12/4,烤五花肉,7
2025/12/7,红糖小糍粑,18
2025/12/7,营养儿童餐,18
2025/12/31,椒麻鸡翅尖（外卖，个）,36
2025/12/31,烤五花肉,17
2025/12/10,营养儿童餐,2
2025/12/1,芒果雪花冰,3
2025/12/27,米饭,86
2025/12/2,烤鸡翅,12
2025/12/20,椒麻鸡翅尖（外卖，份）,2
2025/12/5,米饭,76
2025/12/4,烤鸡翅,14
2025/12/1,香辣鱿鱼须,5
2025/12/4,香辣鱿鱼须,5
2025/12/5,米饭（外卖）,19
2025/12/31,银针菇,9
2025/12/31,黄金奶香烤面包,27
2025/12/30,米饭（外卖）,17
2025/12/31,银针菇（外卖）,5
2025/12/10,烤鸡翅,8
2025/12/30,香辣花甲（外卖）,1
2025/12/2,营养儿童餐,2
2025/12/4,杨枝甘露,4
2025/12/31,醪糟冰汤圆,20
2025/12/8,烤羊肉串（2串起烤）,48
2025/12/26,乡村酥肉,30
2025/12/19,烤羊肉串（2串起烤）,58
2025/12/30,米饭,115
2025/12/10,烤鸡翅,6
2025/12/8,宜宾把把烧,4
2025/12/8,宜宾把把烧,9
2025/12/5,烤鸡翅,17
2025/12/26,黑椒猪颈肉（2串起烤）,82
2025/12/26,乡村酥肉（外卖）,1
2025/12/8,凤梨烤牛肉,14
2025/12/7,芒果雪花冰,4
2025/12/18,宜宾把把烧,2
2025/12/22,菠萝小油条,8
2025/12/31,酸辣毛豆,4
2025/12/31,银针菇,10
2025/12/4,尽情撸串把把烧套餐（50串）(外卖),1
2025/12/3,营养儿童餐,2
2025/12/2,烤鸡翅,1
2025/12/17,米饭（外卖）,20
2025/12/4,杨枝甘露,10
2025/12/9,烤鸡翅,3
2025/12/4,烤鱿鱼须(2串起烤),14
2025/12/30,香辣鱿鱼须,5
2025/12/17,凤梨烤牛肉,15
2025/12/31,手打柠檬,17
2025/12/19,米饭（外卖）,25
2025/12/17,米饭,58
2025/12/19,凤梨烤牛肉,14
2025/12/23,米饭,69
2025/12/22,椒麻鸡翅尖（外卖，个）,24
2025/12/5,凤梨烤牛肉,16
2025/12/19,米饭,76
2025/12/7,米饭（外卖）,37
2025/12/17,营养儿童餐,3
2025/12/31,手打柠檬-花傲天同款,16
2025/12/30,营养儿童餐,1
2025/12/23,米饭（外卖）.,1
2025/12/26,香糯烤鸡脚,26
2025/12/20,米饭（外卖）.,2
2025/12/31,营养儿童餐,7
2025/12/8,烤羊肉串（外卖）,3
2025/12/23,营养儿童餐,1
2025/12/7,米饭,53
2025/12/31,营养儿童餐,7
2025/12/31,烧椒烤茄子,12
2025/12/6,米饭（外卖）,15
2025/12/22,凤梨百香果绿茶,3
2025/12/26,椒麻鸡翅尖,10
2025/12/23,营养儿童餐,1
2025/12/10,米饭（外卖）.,1
2025/12/4,烤羊肉串（2串起烤）,64
2025/12/26,宜宾把把烧,9
2025/12/26,宜宾把把烧,13
2025/12/10,米饭（外卖）,10
2025/12/31,梅子酒（半斤）,2
2025/12/31,红糖小糍粑,10
2025/12/26,烤鸡脚（外卖）,1
2025/12/31,烧椒烤茄子,4
2025/12/10,米饭,49
2025/12/6,米饭,56
2025/12/26,香辣鱿鱼须,4
2025/12/26,营养儿童餐,7
2025/12/30,烤鸡翅,7
2025/12/26,烤五花（外卖）,15
2025/12/26,宜宾把把烧(外卖半份),1
2025/12/26,营养儿童餐,2
2025/12/26,尽情撸串把把烧套餐（50串）(外卖),2
2025/12/30,烤鸡翅,21
2025/12/26,烤五花肉,20
2025/12/22,凤梨烤牛肉,14
2025/12/2,米饭（外卖）,3
2025/12/2,米饭,59
2025/12/31,芒果雪花冰,4
2025/12/22,翡翠青椒,1
2025/12/23,烤鸡翅,4
2025/12/7,米饭（外卖）.,1
2025/12/17,烤鸡翅,21
2025/12/31,拍黄瓜,5
2025/12/31,芒果雪花冰,6
2025/12/26,凤梨烤牛肉,30
2025/12/22,米饭（外卖）,12
2025/12/22,营养儿童餐,1
2025/12/26,烤鸡翅,1
2025/12/31,可乐（外卖）,4
2025/12/22,米饭,48
2025/12/26,掌中宝（2串起烤）,24
2025/12/26,烤鸡翅,3
2025/12/11,红糖小糍粑,4
2025/12/22,烤鸡翅,3
2025/12/31,烤脑花,11
2025/12/31,烤泡泡豆干,20
2025/12/26,烤羊肉串（2串起烤）,44
2025/12/31,烤泡泡豆干（外卖）,6
2025/12/31,凤梨百香果绿茶,13
2025/12/26,掌中宝（外卖）,4
2025/12/23,蒜香味,1
2025/12/26,烤鸡翅,12
2025/12/26,红糖小糍粑,4
2025/12/31,丝瓜,3
2025/12/31,椒盐花生,2
2025/12/31,丝瓜,2
2025/12/1,包浆豆腐,
,,59798